lad,agemed_all,care_1to19hoursWeek,care_20to49hoursWeek,care_40PlushoursWeek,children_Kids,children_NoKids,children_NonDepKids,density_all,economic_employee,economic_self-employed,economic_student,economic_unemployed,ethnicity_asian,ethnicity_black,ethnicity_white,health_bad,health_good,hoursworked_Female1-15,hoursworked_Female49plus,hoursworked_Male1-15,hoursworked_Male49plus,household_Cohabiting,household_LoneParent,household_Married,household_OnePerson,marital_Married,marital_Seperated,marital_Single,population_all,religion_Buddhist,religion_Christian,religion_Hindu,religion_Jewish,religion_Muslim,religion_Noreligion,tenure_owned,tenure_rented_private,tenure_rented_social,travel_bus,travel_car_van,travel_foot,travel_home,travel_train_metro,welsh_SpeaksWelsh
E06000001,2,-0.6,0,0.3,-2.3,2.2,0.1,0.4,1.4,1.4,0.8,2.3,0.7,0.1,-1.1,-4.2,11.8,-0.9,0.1,1.1,-1.9,2.3,1.4,-4.9,2.6,-6.1,1.1,6.1,3.9,0.1,-10.8,0,0,0.3,12.9,-3,6.8,-3,-1.9,5.4,0.1,-4.1,1,1
E06000002,1,-0.8,0.1,0.1,-2.1,1.2,0.9,0.7,1.1,1.2,1.4,1.4,3,0.9,-5.6,-4.1,12.9,-1,-0.2,1.4,-1.9,2.5,1.3,-4.5,0.1,-5.3,0.7,6.2,2.6,0.2,-13.6,0.2,0,2.8,12.1,-3.8,8.8,-4.1,-3,0.5,3.2,-3.2,0.3,1
E06000003,4,-0.4,0.3,0.4,-2.8,2.8,0,-0.2,1.2,1.1,0.6,1.4,0.1,0,-0.4,-4.3,12.9,-1,0,1.2,-1.2,1.5,2.2,-5.5,3.5,-5.3,1.4,4.9,-2.8,0.1,-11.8,0,0,0,12.4,-2.7,6.3,-3.4,-0.2,4.9,-1.2,-5.5,1.8,1
E06000004,2,-0.6,0.2,0.2,-1.2,1,0.2,0.7,1.4,1.5,0.8,0.8,1.6,0.5,-2.6,-4.1,13,-0.4,-0.1,0.9,-2.2,3.3,1.7,-4.7,-0.3,-5.5,1.2,5.4,7.4,0.1,-13.4,0.2,0,0.7,12.4,-2.8,7.2,-4.2,-1.6,3.5,0.5,-3.9,1,1
E06000005,2,-0.2,0.2,0.2,-0.7,0.7,0,0.4,1.3,1,0.6,1.2,0.9,0.1,-1.6,-4.2,13.4,-0.6,-0.1,0.8,-2.4,2.4,1.6,-4.4,0.6,-4.9,1.4,5.2,7.9,0.2,-12.4,0.2,0,0.4,12.7,-6.6,9.1,-2.5,-3.2,3,2.5,-3.7,1.2,1
E06000006,2,-0.4,0.3,0.5,-2.8,2.8,-0.1,1,1.9,1.2,0.6,1,0.3,0.1,-0.9,-3.8,11.7,-0.4,0,1.2,-1.7,2.7,0.9,-5.5,2.4,-5.2,1.1,5.1,6.4,0.1,-8.8,0.1,0,0.1,10,-2,5.4,-2.2,0.3,1.3,0.3,-3.2,1.5,1
E06000007,3,-0.3,0.2,0.4,-1.3,1.8,-0.5,0.6,0.3,1.2,0.7,1.1,1.2,0.2,-1.9,-3.7,12,-0.1,-0.1,1.2,-2.6,2,1.5,-5.4,1.3,-4.9,1.5,4.4,5.8,0.1,-10.6,0.4,0,0.5,10.2,-3.9,6.4,-1.8,-0.3,1.3,1,-2.8,1.2,1
E06000008,1,-0.5,0.5,0.5,-1.1,0.2,0.9,0.7,-0.6,1.2,1.1,1.2,7.3,0.4,-8.8,-3.8,12,0.2,-0.3,1.5,-2.9,1.7,0.6,-2.7,0.4,-3.8,0.6,4.7,7.3,0.1,-10.7,0.1,0,7.6,5.8,-6,7.7,-0.8,-2,3,1.2,-3.6,1.2,1
E06000009,1,-0.3,0.4,0.5,0.2,-0.9,0.8,-0.1,0.8,-0.1,1,1.9,0.9,0.1,-1.7,-4.4,12.6,-0.2,-0.7,1.3,-2.9,2,1.1,-3.8,1.6,-5.9,1.1,6.8,-0.2,0.2,-11.5,0.1,0,0.3,13.1,-8.9,8.5,1.3,-0.9,4.1,1.5,-4.9,0,1
E06000010,1,-0.7,0.2,0.3,-1.7,1.5,0.2,1.8,1.4,1,1.2,1.8,1.4,0.8,-3.6,-4.2,12.9,-0.9,-0.2,1.3,-3.4,2.6,0.8,-4.3,1.7,-6.4,0.5,8,5.3,0.2,-16.9,0.1,0,1.3,16.5,-2.4,8.8,-5,1.7,-1.2,3.5,-2.5,-0.3,1
E06000011,3,-0.1,0.3,0.5,-2.1,2,0.1,0.1,0.2,0.8,0.5,0.5,0.3,0.1,-0.7,-3.4,11.3,-0.1,-0.1,1.1,-3.8,2.3,0.7,-4.2,0.5,-3.8,1.6,3,6.4,0.1,-11.6,0,0,0.1,11.5,-3,5.2,-1.5,0,10,-1.3,-7,1,1
E06000012,3,-0.6,0.3,0.6,-3.6,2.7,0.9,0.1,0.8,0.7,0.7,1,0.6,0.1,-1.2,-3.3,11.5,-0.7,-0.1,0.8,-3.2,2.4,0.6,-5.6,2.8,-6.5,1.3,6.5,1,0.1,-15,0.1,0,0.4,15.8,-6.1,8,-1.1,-0.9,4.5,2,-3.8,0.3,1
E06000013,2,-0.3,0.2,0.4,-1.7,1.2,0.4,0.2,1.1,0.7,0.6,1.2,0.9,0.1,-1.5,-3.9,13,-0.6,-0.1,1,-3.8,2.9,0.4,-5.1,0.3,-5.7,1.9,5.3,9.6,0.1,-13.4,0.1,0,0.7,12.6,-3.4,6.1,-1.7,-1,5.1,1.3,-3.8,0.3,1
E06000014,0,-0.5,0.1,0.2,-0.6,1,-0.4,0.6,-1.4,1.3,1.8,0.6,2.3,0.4,-3.6,-3.9,13.6,0.2,-0.1,1.5,-2.8,2.2,0.8,-3.7,-0.4,-5.2,0.4,6.3,9.4,0.3,-14.9,0.3,0,0.5,13.6,-6.5,8,-1,-0.5,-2.2,4.5,-2.3,0.7,1
E06000015,0,-1,0.2,0.3,1,-1.4,0.3,3.5,0.9,1.1,1,1.2,3.8,1.2,-7.2,-4,13.5,-0.4,-0.1,1.3,-2.8,1.9,1.4,-3.3,-0.3,-5,0.9,5.7,12.2,0.1,-14.7,0.3,0,3.2,11.7,-7.4,8.8,-0.6,0.3,0,2.5,-2.6,0.2,1
E06000016,-1,-0.7,0.3,0.1,0.6,-2.2,1.6,6.8,-0.7,0.6,1.6,1.3,6.7,3.2,-13.3,-4.2,15,1.1,-0.5,1.9,-3.3,0.6,0.3,-0.2,-2.5,-2.3,-0.2,4.7,17.8,0.1,-12.3,0.5,-0.1,7.6,5.4,-7.9,10.2,-2.4,-1,-3,5.6,-2.5,0.1,1
E06000017,3,0.1,0.2,0.3,-2.8,2.7,0.1,0.1,-0.8,1.7,0.4,0.5,0.3,0.4,-1,-2.7,11.6,0.1,0.1,1.8,-4.1,1.8,0.8,-5.8,2.3,-3.7,1.9,1.8,8.1,0.1,-11.6,0.1,0,0,10.3,-2.1,3.2,-0.6,-0.2,5.5,1.1,-5.1,1.6,1
E06000018,-2,-0.5,0.2,0.1,0.3,-0.9,0.6,5.2,-1,1,2.3,1.1,6,2.9,-13.4,-4.6,15,0.8,-0.2,2,-3,1.8,0.2,-1.5,-1.4,-4.6,-0.3,7,14.5,0.3,-13.4,0.6,0.1,4.2,10.2,-4.6,9.1,-3.5,-0.2,-9,7.3,-0.7,1.5,1
E06000019,2,0.5,0.3,0.5,-1.4,0.9,0.5,0,1.6,0.6,0.4,0.6,0.5,0.1,-0.9,-3.1,12.1,-0.3,-0.1,0.9,-3.3,1.7,0.4,-3,0.1,-3.9,1.1,3.8,4.9,0.1,-11.2,0.1,0,0.1,10.2,-3.3,5.2,-1.1,-1.4,5.7,2.4,-6.7,0.5,1
E06000020,2,-0.1,0.4,0.6,-0.9,0.5,0.4,0.3,-2.2,1,0.5,1.5,1,0.5,-2.1,-3.1,11.6,0,0,1.2,-2.8,2.4,0.7,-4.6,-0.8,-5,0.9,5,5.3,0,-12.5,0.1,0,0.5,12.3,-4.7,8,-2.2,-0.5,2.3,0.4,-3.2,0.9,1
E06000021,1,-0.6,0.2,0.2,-0.5,0.6,-0.1,0.9,0.8,1.2,1,1.3,3.7,1.1,-6.2,-4.8,13.6,-0.1,0,1.4,-2.5,2.4,1.1,-4.4,1.4,-5.1,1.4,5.9,3.5,0.2,-13.9,0.4,0,2.8,11.8,-5.1,7,0,-1.1,3.3,0.1,-3.4,0.4,1
E06000022,1,-0.1,0.3,0.3,-0.2,0.3,-0.1,0.2,-2.2,1.1,1.6,0.7,1.6,0.3,-2.6,-3.2,12.5,0.7,-0.2,1.4,-3.1,1.3,0.9,-2.9,0.1,-4.7,0.5,5.7,4.1,0.2,-14.5,0.1,0,0.3,13.2,-4.7,5.6,0.2,-0.7,-1.4,2.2,-2.6,1.9,1
E06000023,-1,-0.2,0.2,0.1,-0.3,1,-0.6,4.3,-0.1,1.5,1,1.2,2.1,3.7,-7.9,-3.8,13.6,0,-0.1,1.3,-3,2.1,0.9,-3.4,0.4,-4.9,0.1,6.8,12.5,0.2,-15.3,0.1,0,3.1,12.9,-8.6,10.2,-0.7,-3.1,-6.4,6.7,-1.5,0.4,1
E06000024,2,0,0.3,0.4,-0.8,0.9,-0.1,0.4,-0.1,1,0.4,0.9,0.6,0.2,-1.3,-3.4,12.1,-0.2,-0.1,1,-3.5,1.5,1.5,-4.2,1.6,-4,1.7,3.5,7.4,0.1,-14,0.1,0,0.2,13.5,-5.9,7,-0.1,-1.1,7.5,-1.2,-6.7,2.1,1
E06000025,3,0.1,0.3,0.4,-0.4,0.4,0,0.3,-1.7,0.9,0.9,1,1.4,0.5,-2.7,-2.8,11.6,0.1,-0.2,0.9,-3.4,1.1,1.9,-6,1.9,-5.7,1.4,4.8,7,0.1,-14.4,0.4,0,0.5,13.2,-6.7,7.3,0.1,0.6,1.8,0.5,-3.8,0.4,1
E06000026,1,-0.2,0.3,0.5,-1.5,0.8,0.7,2,-1.2,1.2,1.1,1,0.9,0.5,-2.2,-3.6,12.8,0.1,0.1,1.3,-2.5,3,0.4,-3.6,-0.7,-5.3,0.2,7,6.5,0.1,-15.5,0.1,0,0.4,14.6,-4.5,7.3,-1.8,-0.4,0.5,2.7,-3.1,0,1
E06000027,2,0.3,0.5,0.8,-0.7,0.1,0.6,0.2,0.9,0.7,0.5,0.4,0.6,0.1,-1.3,-3.7,12.5,0,-0.5,1.1,-3.2,1.3,1.1,-2.1,0.5,-3.2,1.4,3.8,1,0.2,-12.9,0.1,0,0.1,12.6,-6.4,6.8,-0.1,-0.1,4.4,0,-5,0.7,1
E06000030,2,-0.2,0.4,0.3,0,0.1,-0.1,1.3,-2.2,1.7,0.4,1.8,3.8,0.7,-5.4,-3.1,12.7,0.1,-0.1,0.9,-2.3,1.7,1,-4,1.5,-4.1,1.4,3.8,16.2,0.3,-12.6,0.7,0,0.7,11.8,-7.7,8.6,-0.7,1.4,0.1,1.2,-2.2,0,1
E06000031,0,-0.5,0.4,0.3,1.9,-2,0.2,0.8,-0.4,1.2,0.5,1.7,4.4,1,-7.2,-3.3,13,-0.2,-0.1,1.1,-3.5,1.8,0.9,-3.6,-1.4,-5,1.2,5.1,17.7,0.1,-11.6,0.4,0,3.7,9,-6.8,9.4,-2.1,1.1,-2.9,2.4,-2.2,1.8,1
E06000032,-1,-0.5,0.3,0.4,1.9,-2,0.1,4.3,-3.5,1.7,1.8,1.9,11.1,3.5,-17.2,-3.1,13,0.3,0,1.7,-4.1,-0.2,1.7,-2.8,-1.4,-2.8,0.2,3.6,10.2,0.1,-12.3,0.6,-0.1,10,2.5,-10.3,10.9,-0.6,0.2,-2.6,2.1,-4.2,4.6,1
E06000033,1,-0.5,0.3,0.4,0.9,-1.8,1,3.2,0.7,1.3,0.7,1.3,1.5,1.4,-4.2,-3.6,13.3,0.2,0.1,1.2,-3.2,2.5,0.7,-1.4,-2.6,-4.1,1.1,5.4,8.4,0.2,-12.9,0.1,-0.5,0.7,12.8,-7.3,7.7,-0.2,-2.5,-6.6,1.4,-4.3,11.9,1
E06000034,1,-0.7,0.3,0.4,2.5,-2.6,0.1,0.9,-1.6,1.8,0.7,2,1.4,6.7,-9.4,-3,12.9,-0.3,0,1,-3.7,1.4,1,-2.9,-1.1,-4.3,1.2,4.6,10.2,0.2,-11.8,0.2,0,0.9,10.5,-5.6,7.6,-1.9,-0.8,-5.8,-1.4,-5.5,14,1
E06000035,2,-0.1,0.4,0.6,-1.4,0.6,0.9,0.8,-2.8,1.1,1.1,1.4,1.8,1.8,-5,-2.5,12.2,0.2,0,1.3,-3.7,1.3,1.9,-5.2,0.7,-6,1,5.8,5.8,0.1,-14.1,0.4,0,0.9,13.2,-7.3,7.8,-0.1,0.4,2.6,-2.7,-6.5,6.6,1
E06000036,2,0.3,0.4,0.4,-0.8,0.5,0.3,0.3,-2,1.4,0.3,1.4,2.7,0.9,-4.5,-2.3,11.4,0.2,0.3,0.8,-2.3,0.7,1.9,-3.7,0.7,-3.1,1.2,2.3,3.3,0.5,-11.5,0.6,0,0.5,10.5,-3.8,4.7,-0.4,-0.5,2.4,-0.8,-2.9,2.2,1
E06000037,3,0.2,0.3,0.4,-0.4,0.6,-0.2,0.1,-1.9,1.3,0.2,1.3,1.5,0.4,-2.6,-2.3,11.3,0.4,0.2,0.9,-3.1,0.7,1.2,-3.1,1.3,-2.1,1.2,1.5,6.5,0.1,-12.3,0.5,-0.1,0.4,11,-4.6,5,0.1,0.8,-1.1,0.6,-3.2,3.2,1
E06000038,1,-0.3,0.3,0.2,2.3,-1.6,-0.7,3.1,-1.8,1,0.9,2,7.7,2.6,-12.1,-2.7,13,0.8,0.3,1.2,-2.8,0.1,1.9,-1.2,0.5,-0.9,0.3,2,8.8,0.7,-12.6,2.7,-0.1,3.1,7.5,-11,10.9,0.7,-2,-5.6,5.4,-1.2,2.7,1
E06000039,-1,-0.8,0.4,0.2,5.2,-5.5,0.3,6.5,-3.8,2.7,1.1,2,11.5,3.6,-18,-3.3,13.4,0.6,-0.3,1.5,-3.9,-3.3,4.1,-0.5,0.8,0.2,0.8,0.7,17.8,0.3,-12.6,1.7,-0.1,9.9,1.2,-13.7,13.6,0,4.3,-7.1,1.6,-2.9,4,1
E06000040,2,0,0.3,0.3,1.8,-1.7,-0.1,0.6,-0.8,1.9,0.3,1.1,4.5,0.7,-6.3,-2.4,11.4,0.8,0.1,0.9,-2.5,1.2,1.2,-2.2,0.4,-1.9,1.1,1.6,8.2,0.2,-11.4,0.9,-0.1,1.5,7.8,-4.8,4.2,0.9,-0.6,-2.5,0.6,-2.3,5.1,1
E06000041,3,0.1,0.3,0.4,0,-0.1,0.1,0.2,-1.9,1.6,-0.1,1.1,3.8,0.5,-5.5,-1.9,10.2,0.5,0.1,1,-3,0.6,1.2,-3.2,0.7,-0.9,0.9,0,2.8,0.1,-13.3,1.2,0,1.5,9.4,-3.5,3.5,-0.2,0.8,2.6,-1.5,-5.3,4.3,1
E06000042,1,-0.2,0.3,0.2,0.2,-0.7,0.5,1.4,-3.2,1.4,0.5,1.8,4.6,4.5,-10.7,-3,12.6,0.4,0.1,1,-3.5,1,1.5,-3.4,-1.1,-3.7,0.7,3.5,20.2,0.1,-12.8,1.5,-0.1,2.5,9.8,-9.2,9.8,-1.3,1.3,-4.8,1.7,-2.2,3.3,1
E06000043,-1,-0.2,0.2,0.1,2,-2.2,0.2,3.1,-0.6,2.5,1.8,0.1,1.8,0.7,-5.2,-3.8,14.9,0.6,0.1,1.2,-2.3,1.1,1.3,-0.6,-2.9,-3.7,-0.5,6.8,10.3,0.3,-16.2,0.1,-0.4,0.8,15.4,-8,7.9,0.4,-0.3,-8.6,2.6,-2.1,6.3,1
E06000044,-1,-0.1,0.3,0.2,0.4,-0.6,0.2,4.5,-2.8,0.8,1.9,1.2,2.8,1.3,-6.4,-3.6,14.7,0.6,-0.3,1.5,-3.2,1.4,1.4,-3,-0.7,-5.2,0.3,7.2,9.8,0.2,-15.9,0.2,0,1.3,15.1,-9.5,10,-0.1,-0.4,-2.8,4.3,-2.2,1.2,1
E06000045,-1,-0.2,0.3,0.2,0.4,-0.3,0,3.9,-0.1,1.3,1.5,1.4,3.9,1.1,-6.5,-3.5,14.2,0.1,-0.1,1.7,-3.6,2.1,0,-1.5,-0.7,-2.7,0.2,4.4,8.9,0.2,-14,0.3,0,2.3,11.9,-7.4,8.4,-0.7,-1.7,-2,5,-2.5,0.8,1
E06000046,2,0.1,0.4,0.5,-1,0.6,0.4,0.1,-0.2,1.4,0.2,0.8,0.7,0,-1.4,-3.3,12.3,-0.4,-0.3,1.2,-2.9,1.8,1,-3.1,1.3,-4.1,1.7,4.2,4.2,0.2,-13.2,0.1,0,0.1,12.4,-6.3,6.2,0.7,0.4,1.6,0.2,-4.6,1,1
E06000047,3,-0.4,0.2,0.4,-2.4,2.9,-0.5,0.1,1.5,1.2,0.8,0.7,0.4,0.1,-0.8,-5,13.2,-0.5,0.1,1.3,-2.6,1.9,1.2,-5.3,2.1,-5.3,1.4,5.2,4,0.1,-11.5,0,0,0.2,11.6,-0.9,6.7,-5.3,-1.2,7.5,-1.6,-5.6,0.7,1
E06000049,3,-0.3,0.3,0.5,-1.3,1.4,0,0.1,-0.6,1.1,0.4,0.9,0.8,0.2,-1.5,-3.3,11.4,0,-0.1,1.1,-3,1.5,1.4,-4.9,1.9,-4.6,1.7,3.6,5.2,0.1,-11.4,0.2,0,0.3,10.5,-3.8,5.5,-1.2,-0.6,2.6,0.7,-3.8,2,1
E06000050,3,-0.3,0.3,0.4,-2.2,2.2,0,0.1,0.3,1.3,0.8,0.9,0.5,0.2,-1.1,-3.4,11.4,0,-0.3,1.1,-2.6,1.6,1.3,-5.3,2.2,-5.3,1.6,4.6,2.4,0.1,-10.6,0.1,0,0.2,10.6,-3.6,5.9,-1.7,-1.6,3,1.2,-3.5,1.3,1
E06000051,3,-0.1,0.2,0.5,-1.6,1.4,0.2,0.1,0.1,1,0.4,0.8,0.5,0.1,-0.8,-3.4,12,0,-0.3,1.1,-3.6,2,0.9,-4.7,1.2,-4.3,1.9,3.3,8.1,0.1,-11.2,0.1,0,0.1,10.5,-3.3,4.2,-0.1,-0.9,8.3,-0.9,-6.4,0.8,1
E06000052,2,0.1,0.3,0.4,-1.4,0.7,0.7,0.1,1.5,1.4,0.8,0,0.4,0,-0.8,-4,13,0,-0.3,1,-3.5,2.1,0.7,-2.8,0,-3.9,1,4.5,6.6,0.1,-14.5,0.1,0,0,13.6,-3.1,3.4,0.3,0,5.2,0.5,-6.1,0.6,1
E06000053,3,1,0.4,0.6,-4.4,5.2,-0.9,0,3.4,-1,-0.2,0,0.1,0.1,-0.9,-2.1,11.6,-1.3,-1.1,0.2,-6.9,2.9,-0.1,-9,6.8,-5.4,2.8,2.1,2.3,0.1,-15.2,0.1,0.2,0.1,13.5,1.7,-2.2,-0.1,0.6,5.5,-2.4,-9.6,0.2,1
E06000054,3,0.2,0.3,0.5,-0.2,0,0.1,0.1,-0.7,0.9,0.5,1,0.8,0.4,-1.8,-2.6,11.3,0.1,0.1,0.9,-2,1.5,1.7,-3.3,-0.1,-3.5,1.6,2.9,8.8,0.1,-12.6,0.2,0,0.2,11.5,-4.2,4.3,0.5,0.1,5.1,-0.7,-5,2.1,1
E06000055,3,-0.3,0.3,0.4,0.9,-1.6,0.6,0.2,-1.2,1.5,0.8,1.3,3.2,1.3,-6.4,-2.8,11.5,0.6,-0.3,1.3,-3.4,-0.1,2.8,-2.8,0.8,-3.2,1.5,2.6,6.5,0.1,-9.5,-0.2,0,2.2,8.7,-6.1,6,0.4,-0.4,0.9,0.7,-4.2,3.9,1
E06000056,3,0.3,0.3,0.4,-0.7,-0.3,1.1,0.3,-2.2,1.3,0.6,1.3,1.4,0.9,-3.4,-2.5,11.4,0.4,0,0.9,-3.5,1.3,2,-4.4,0.4,-4.6,1.6,3.7,8.9,0.2,-12.7,0.3,0,0.5,11.5,-4.2,5.2,-0.6,-0.7,6.5,-2.7,-7.1,5.7,1
E06000057,4,-0.3,0.3,0.4,-2.2,2.2,0,0,0.8,1.4,0.4,0.6,0.3,0,-0.6,-4.1,12.7,-0.3,-0.2,1,-2.4,2.2,1.1,-4.7,1,-4.1,1.6,3.6,2.9,0.1,-12.5,0,0,0.1,12.2,-1,4.6,-2.8,-0.3,9.4,-2.6,-7.4,1.2,1
E06000058,0,-0.2,0.3,0.3,-0.4,0.4,0,2,1.2,1,1,0.9,2,0.3,-3.4,-3.8,13.7,-0.2,-0.2,1.4,-3.5,1.8,0.2,-2.6,1.4,-5.1,1.2,5.9,9.3,0.2,-13.7,0.3,-0.2,0.5,12.7,-9.6,9.5,0.7,0.8,-1,2.1,-3.5,0.9,1
E06000059,3,0.3,0.3,0.5,-1.4,0.5,1,0.1,1.1,1,0.4,0.7,0.5,0.1,-0.8,-3.3,12.3,0,-0.3,1.1,-3.2,1.3,0.9,-2.9,1.2,-3.7,1.6,3.2,5.5,0.1,-12.6,0.1,0,0.1,11.6,-3.8,4,0.3,-0.3,6.1,0.1,-6.1,0.9,1
E06000060,3,0,0.3,0.4,0.1,0.2,-0.3,0.4,-1.4,1.8,0.4,1,3.6,0.8,-5.7,-2.3,11,0.5,0,0.9,-3.3,0.9,1.3,-4,1.1,-3.2,1.3,2.4,5.5,0.2,-12.1,0.6,0,1.5,8.9,-4,5.1,-0.7,0,0.7,-1.1,-5.1,5.8,1
E06000061,3,-0.2,0.3,0.5,-0.6,0.5,0.1,0.1,-1.6,1.1,0.5,1.2,0.9,0.8,-2.5,-3.1,12.6,0,0,0.9,-3.4,2.2,1.2,-3.9,0.3,-4.4,1.4,4.3,11.5,0,-11.5,0.2,0,0.4,12,-4.4,7.9,-2.8,-1.3,6.8,-1.1,-4.8,1.3,1
E06000062,2,0,0.3,0.4,-0.6,0.5,0.1,0.2,-1.9,1.4,0.7,1.2,1.8,1.6,-4.7,-2.8,11.9,0.2,-0.1,1,-3.7,1.2,1.6,-4.4,0.8,-4.2,1.4,3.6,8.5,0.1,-11.8,0.3,0,1.3,10.6,-6.4,7.8,-1,-0.6,3.4,0,-3.9,1.5,1
E07000008,0,-0.6,0.1,0.1,0.9,-0.9,0,3.7,0.7,1,1.5,0.4,5.1,0.4,-6.9,-2.8,12.6,0,0.2,1.3,-1.9,2,-0.4,-0.7,-1.9,-1.9,-0.3,3.7,13.8,0.2,-12.8,0.5,-0.1,1.5,11.2,-5.6,5.8,0.2,-0.6,-22.9,7,1.1,2.8,1
E07000009,1,-0.3,0.3,0.3,0.8,-0.6,-0.3,0.2,1,1.1,0.6,0.7,0.6,0.3,-1.7,-3.1,12.6,0.2,0,0.9,-4.1,1.4,1.2,-2.9,1.5,-3.5,1.6,3.3,14.5,0.2,-12.4,0,0,0.2,12.7,-4.1,4.3,0,0,8.1,-1.7,-9.2,4.9,1
E07000010,3,0.2,0.5,0.7,-0.8,0.7,0.2,0.2,0.4,0.5,0.6,1.5,0.6,0.3,-1.4,-3.2,11.7,-0.1,-0.1,1.2,-4.4,1.5,1.7,-4.9,1.1,-6.2,1.8,5.3,14.1,0.1,-11.3,0.1,0,0.2,12,-5,7.1,-1.3,0.5,6.7,1.5,-6.7,1.3,1
E07000011,4,0.2,0.4,0.4,-2.3,1.6,0.7,0.1,-2.7,1,0.5,1.2,1.3,0.5,-2.4,-2.3,11.1,0.2,-0.2,1,-3.4,1.4,1.4,-5.7,1.2,-5.3,1.4,4.3,8,0.1,-13.7,0.2,0,0.5,13,-4.6,4.9,-0.1,0.4,3.1,0.2,-5.6,3.2,1
E07000012,2,-0.4,0.2,0.4,0.5,-0.3,-0.2,0.2,-0.5,0.7,0.6,0.7,2.4,0.4,-3.8,-2.4,11.1,0.4,0,0.9,-3.3,1.3,0.9,-3.1,0.3,-2.9,0.9,2.6,14.3,0.2,-14.1,0.4,0,0.5,12.2,-4.3,3.9,-0.1,2.5,-2.7,0.1,-4.2,2.8,1
E07000026,4,-0.2,0.2,0.6,-2.1,2.5,-0.4,0,2.6,0.6,0.5,-0.3,0.2,0,-0.5,-3.9,12.5,-0.8,-0.4,0.9,-3.2,2.3,0.4,-4.6,1.9,-4.3,1.7,3.6,3.1,0.1,-9.8,0,0,0.1,9.1,-0.2,2.3,-1.4,0.6,7.5,-1.2,-7.2,0.6,1
E07000027,3,-0.8,0.2,0.4,-3.1,3.1,0,-0.4,3.6,1,0.5,0.4,0.6,0,-0.9,-4.9,12.7,-1.5,-0.2,1,-3.7,0.7,1.4,-5.4,4.7,-5.9,1.9,5.1,-4,0.1,-10.4,0.1,0,0,11.3,-2.8,4.7,-1.2,-2,4.5,1.8,-4.2,0.8,1
E07000028,2,-0.1,0.3,0.5,-1.7,2.1,-0.4,0.1,2.3,1,0.9,0.1,0.7,0.1,-1,-3.7,12.7,-0.5,-0.3,1,-3,2.1,0.6,-4.1,1.9,-4.9,1.4,4.8,6.7,0.1,-11.6,0.2,0,0.2,12,-2.1,6,-2.9,-1.2,2.9,2.2,-4.1,0.2,1
E07000029,5,0.1,0.3,0.5,-2.8,2.4,0.4,0,4,0.6,0.4,-0.8,0.6,0.1,-0.9,-3.5,11.6,-1.2,-0.3,0.8,-1.7,2.5,-0.8,-2.6,0.4,-2.9,0.9,3.1,1.9,0.1,-7.4,0.1,0,0.1,7.4,3.4,2,-4.4,-1.3,3.3,1.4,-4.2,-0.1,1
E07000030,4,0.9,0.3,0.5,-2.6,3.5,-0.9,0,2.1,0.4,0.8,0.1,0.4,0,-0.6,-3.5,12.1,-0.3,-0.7,1,-5,1.1,0.5,-4.7,2.1,-3.7,1.5,3.1,5.6,0.1,-10.7,0.1,0,0.2,9.3,-2.8,3.1,0.4,-1.5,7,1.9,-7.9,0.7,1
E07000031,4,0.2,0.3,0.5,-2.2,2.6,-0.5,0,2.1,0.8,0.1,0,0.5,0.1,-0.8,-4,12.6,0,-0.4,1.1,-3.2,1.1,0.3,-3.6,2.5,-2.4,1.4,2,1.3,0.1,-11.1,0,0,0.1,9.8,-2.4,3.1,0,-0.4,4.3,1.7,-5.9,1,1
E07000032,3,-0.4,0.2,0.4,-1.5,1.8,-0.3,0.2,-0.8,1.3,0.5,0.8,0.4,0.1,-0.9,-4.1,13,-0.1,-0.1,0.9,-3.4,2.1,1,-4.4,0.4,-4.7,1.9,4.2,5,0.1,-14.4,0,0,0.1,14.2,-3.2,5.1,-0.9,-0.5,6.1,-1.7,-4.6,1.1,1
E07000033,3,-0.4,0.3,0.1,-1.3,1.4,-0.2,0.3,3.2,1.2,0.7,0.7,0.4,0.3,-1,-5.1,14.5,-0.6,0.2,1,-3.4,2.1,1.3,-5.3,1.8,-5.7,1.9,5.2,5.7,0.1,-12.9,0,0,0.1,14.4,-2.2,5.4,-2.6,0.8,10.4,-4.1,-6.7,0.7,1
E07000034,3,-0.6,0.4,0.5,-1.3,1.6,-0.3,0.8,1,1.2,0.6,0.1,0.8,0.4,-1.6,-4.6,13.7,-0.8,0.1,1.1,-2.3,2.6,1.1,-4.9,1.2,-5.4,1.8,5.4,5,0.1,-14.1,0.1,0,0.3,13.9,-2.7,6.2,-3.1,-2.2,2.9,1.2,-3,1.2,1
E07000035,4,0.3,0.2,0.4,-2,2.6,-0.6,0,-0.4,1.1,0.4,0.5,0.2,0,-0.5,-3.7,12.7,0.3,-0.5,1.2,-3.9,1.7,1,-4.1,1.1,-3.3,2,2.2,2.4,0.1,-10.7,0,0,0,10.3,-2.7,3.4,-0.5,-1.2,4.7,-0.8,-4,1.2,1
E07000036,3,-0.3,0.3,0.5,-1.8,1.5,0.3,0.2,-1.3,1.3,0.5,1.3,0.4,0.1,-1,-3.5,12.7,0,0.1,1,-3.8,1.9,1.7,-5.3,1.4,-5.7,1.6,5.2,1.8,0.1,-14.5,0.1,0,0.1,15,-5.4,6.3,-0.9,0.6,9.1,-3.3,-6,1.3,1
E07000037,4,-0.2,0.3,0.4,-2.7,2.7,0,0,-1.8,1.3,0.8,1.1,0.4,0,-0.9,-3.5,12.4,0.3,-0.4,1.1,-3.3,1.9,1,-5.2,2,-5.7,1.7,5,1.6,0.1,-12.4,0,0,0,11.7,-4.5,5.9,-0.6,-0.6,6.8,-3.9,-7.3,5.3,1
E07000038,3,-0.4,0.2,0.4,-2.3,2.8,-0.4,0.1,0.1,1,0.5,0.4,0.4,0.1,-0.9,-4.2,12.8,-0.2,-0.2,1,-3.3,2.2,1,-6.2,2,-5,2.1,3.6,2.2,0,-12.5,0,0,0.1,12.5,-0.6,3.5,-2.7,0.9,12.4,-4.7,-9.8,1.4,1
E07000039,2,-0.7,0.3,0.3,-0.5,1,-0.5,0.4,0.2,0.9,0.7,0.7,0.7,0.2,-1.6,-3.7,13.1,-0.3,-0.2,0.9,-3.4,2.3,1.7,-5.3,0.9,-5.1,2.2,4.4,16,0,-14.2,0.1,0,0.2,13.5,-3.9,6.6,-1.9,0.6,10.9,-3.5,-8.2,0.7,1
E07000040,1,0.2,0.3,0.5,-0.4,-0.2,0.6,0.1,3.1,1.2,0.1,0.5,0.5,0.1,-0.9,-3.6,12.8,-0.4,-0.6,0.9,-3.1,1.1,0.8,-1.7,1.2,-2.8,1.9,2.1,5.5,0.1,-12.2,0,0,0.1,11.2,-2.7,3.8,-0.4,0.2,7.2,-0.8,-7.8,1.8,1
E07000041,0,-0.1,0.2,0.3,-0.8,0.7,0.1,1.4,0.2,0.7,1.2,0.5,2.9,0.4,-4.6,-3.6,13.2,0.4,-0.2,1.5,-3.6,0.8,0.6,-2.2,0.4,-4.1,-0.4,6.2,6,0.2,-15.2,0.2,0,0.8,14.3,-6.3,7.2,-0.4,0.8,-12.2,9.3,-1.1,0.3,1
E07000042,3,0.3,0.3,0.3,-1,1,-0.1,0.1,2.1,0.7,0.3,0.4,0.3,0.1,-0.6,-3.1,12.5,-0.1,-0.4,0.9,-4.8,1.9,0.4,-3,0.8,-3.2,1.4,3.1,11.4,0.1,-13.3,0.1,0,0.1,12.5,-2.3,4.2,-1.4,1,10.5,-1.8,-9.7,0.9,1
E07000043,2,0,0.3,0.5,-0.9,0.4,0.4,0,2.1,0.8,0.7,-0.3,0.5,0.1,-1.1,-3.2,12.4,-0.6,-0.6,1.1,-2.7,2.1,1.3,-4.3,1.7,-4.7,1.5,4.3,7,0.1,-13.8,0.1,0,0.1,12.9,-4.9,5.2,0.1,0.3,1.7,3,-5.1,0.4,1
E07000044,4,0.4,0.4,0.4,-3,2.3,0.8,0,0.3,2.3,0.3,0,0.4,0,-0.7,-3.3,12.1,0.3,-0.8,0.9,-2.9,1,0.5,-3.4,2.4,-3.2,1.5,2.6,1.6,0.2,-13.1,0,0,0.2,11.2,-3.8,3.6,0.7,-0.8,3.3,0.1,-3.7,1.3,1
E07000045,4,0.6,0.4,0.5,-1.7,0.6,1,0.1,1.7,1.4,0.4,0.5,0.4,0,-0.7,-3.5,12.2,-0.1,-0.3,1.2,-3.7,1.6,0.7,-2.3,1,-3.5,1.2,3.5,2.7,0.1,-13.3,0,0,0.1,12.5,-2.9,3.7,-0.3,0.1,6.6,-1.1,-7.1,1.7,1
E07000046,3,0.5,0.4,0.4,-1.9,1.9,0,0.1,1.5,1.3,0.4,-0.2,0.1,0,-0.3,-3.4,12.6,0.1,-0.6,1,-4.4,1.1,0.4,-2.8,2.1,-3,1.4,2.7,8.3,0,-12.7,0,0,0.1,11.9,-2.2,3.4,-0.6,0.9,9.6,-1.2,-9.1,0.3,1
E07000047,3,0.4,0.3,0.5,-1.8,1.7,0.1,0,0.3,1,0.5,0.7,0.3,-0.1,-0.7,-3.1,12.2,0,-0.2,1.2,-3.5,1.8,0.1,-3.1,1.2,-2.6,1.2,2.7,9.6,0.1,-12.8,0,0,0,11.2,-3,2.7,0.7,0.6,7.5,-0.3,-8.6,0.7,1
E07000061,1,0,0.3,0.5,0.8,-1.9,1,2.2,1.4,1.1,1,1.2,1.3,0.4,-2.5,-4.1,14.3,-0.1,0,1.1,-3.6,1.6,1.5,-0.8,-1.5,-3.6,1.1,5.2,10.9,0.1,-13.2,0.2,-0.1,0.5,12.5,-6.2,9.5,-2.5,-1.1,0,1.5,-3.5,3.7,1
E07000062,2,-0.4,0.4,0.3,-2.2,1,1.1,1.8,-0.2,1.6,0.5,1.3,1.4,0.7,-3.3,-3.7,13.4,-0.6,0.1,0.9,-3.5,1.7,1.3,-4.2,1.9,-6,1.6,6.7,6.1,0.2,-15.5,0.2,0,0.5,15.3,-8.1,9.8,-1.2,0.4,-1.7,0.6,-3.8,4.4,1
E07000063,2,0.4,0.3,0.5,0,-1.5,1.4,0.2,-0.5,2.1,0.3,1.1,0.6,0.2,-1.4,-3.1,12.2,-0.2,-0.2,0.9,-3.3,1.8,2.1,-2.5,-0.8,-4.6,2,4.5,5.8,0.2,-15,0.1,0,0.1,14.3,-5.1,5.9,0,4.1,-2.5,-1.4,-5.1,5.1,1
E07000064,1,0.1,0.4,0.8,-0.4,-0.6,1.1,0.1,0.9,1.1,0.1,0.9,0.6,0.2,-1,-3.2,12,-0.4,-0.1,0.9,-3.1,1.7,1.2,-1.4,1,-4.1,2.4,3.4,6,0.1,-11.7,0.1,0,-0.1,11.3,-4,4.7,-0.2,-0.7,5.9,-2.4,-7.5,5.2,1
E07000065,3,0.3,0.4,0.4,-0.8,-0.4,1.2,0.1,-0.1,1.5,0.3,0.8,0.5,0.1,-0.8,-2.8,12,0,-0.3,0.9,-3.9,1.2,1.6,-3.3,0.7,-4.2,1.8,3.6,6.4,0.1,-13.2,0.1,0,0,12.4,-3.9,4.6,-0.2,0.3,5,-1.9,-9,6.2,1
E07000066,2,-0.1,0.4,0.4,0.2,-0.7,0.4,0.8,-0.7,1.4,0.6,1.6,1.4,2,-4.2,-2.8,11.7,0.2,0,1,-3.4,1.2,1.2,-3.9,0.9,-5,1.3,4.5,5.3,0.1,-13.1,0.3,0,0.4,12.9,-3.9,5.4,-1.2,-1.2,-9.5,0.8,-3.5,13.8,1
E07000067,3,-0.1,0.3,0.5,-0.2,-0.1,0.3,0.2,-1.4,1.1,0.5,1.5,0.7,0.3,-1.6,-2.7,11.6,0.3,0.1,1,-3.8,1.3,1.9,-4.3,0.5,-4.5,1.7,3.6,11.3,0.1,-13,0.1,0,0.2,13,-3.5,6.6,-2.6,-0.3,4.3,-2.4,-7.3,7.3,1
E07000068,2,-0.2,0.3,0.4,1.2,-2.3,1.1,0.3,0.1,2.1,0.3,1.3,1.4,0.7,-2.9,-2.9,11.5,0.2,-0.1,0.7,-2.2,1.7,1.3,-2.9,0.5,-4.7,1.6,4.2,7.5,0.2,-10.6,0.3,0.1,0.3,8.6,-3.8,4,0.1,-1.1,-16,0.3,-3.6,20.2,1
E07000069,4,-0.3,0.5,0.7,-1.8,1.1,0.8,0.3,-2.1,1.2,0.4,1.1,0.2,0.6,-1.3,-2.5,10.3,0.4,0.2,1,-3.5,1.4,1.6,-5.6,0.5,-4.8,1.8,3.3,1.6,0.1,-11.6,0.1,0,0.1,11.7,-5.6,5.8,-0.2,-1,5.1,-4,-10.9,12,1
E07000070,2,-0.3,0.2,0.4,-0.5,-0.1,0.6,0.3,-1.1,1.3,0.2,1.4,1.4,0.6,-2.9,-2.4,11,0.3,0.1,0.9,-3.3,1.7,1.4,-3.7,0.1,-3.9,1.3,3.3,7.2,0.1,-12.8,0.3,0,0.5,11.7,-5.1,5.3,0.2,-0.6,-5.5,0.9,-4.1,10.2,1
E07000071,2,-0.3,0.3,0.3,-0.3,0.3,0,0.5,-1.1,0.8,1.6,1.1,2,1,-4.1,-2.9,12.3,0.6,0.2,1.4,-2.6,1.1,1.8,-4,0.8,-4.7,1.1,4.8,11.1,0.2,-13.9,0.3,0,0.8,12.9,-5.6,8.1,-1.7,-0.9,-2.2,2,-4.2,6.2,1
E07000072,3,-0.4,0.2,0.3,0.7,-1,0.4,0.1,-0.7,2.1,0.6,1,1.9,1.1,-4.6,-2.8,11.3,0.6,0.1,1.2,-3.1,1.3,1.3,-3,0.3,-4.5,1.2,4.2,3.1,0.1,-10.6,0.4,0.1,0.7,8.4,-2.3,4.2,-1,-0.9,-6.8,-2.6,-8.7,19.1,1
E07000073,2,0,0.5,0.5,0.5,-1.1,0.6,1,-1.8,2.2,0.8,1.8,2,2.8,-5.8,-2.8,12.4,0.3,0,1.2,-3.3,1,2,-3.7,1.1,-5.3,1.4,4.2,4,0.1,-11.9,0.4,0,0.8,11.5,-3,6.1,-3.2,0.6,-2.3,0.9,-3.5,5.1,1
E07000074,5,0.1,0.5,0.6,-2.9,2.4,0.6,0.1,-1.6,1,0.3,0.9,0.2,0.1,-0.6,-2.4,10.1,0.1,-0.3,1.1,-4.1,1.1,0.2,-4.3,1.6,-3.3,1.4,1.9,3.7,0.1,-10.8,0,0,0,10.1,-1.8,3.3,-1.2,0.4,5.8,-2.3,-9.1,6.8,1
E07000075,4,0.3,0.4,0.4,-0.6,-0.7,1.3,0.3,-0.6,1.3,0.3,1,0.3,0.3,-1.1,-2.9,11.6,0.1,0.1,0.8,-3.2,1.8,0.8,-3.2,-0.7,-4,1.3,3.4,6.1,0.1,-12.5,0,0,0.2,12.2,-2.6,3.6,-0.7,-0.6,1.2,-3,-9.6,13.3,1
E07000076,2,0,0.5,0.8,0,-0.8,0.8,0,-0.4,0.8,0.5,1.7,0.5,0.2,-1.1,-3.6,11.7,0.1,0,1.1,-3.4,0.8,2.7,-2.6,0.5,-4.4,2.1,4.1,-0.4,0.1,-12.1,0.1,0,0.1,12.2,-5.5,6.9,-0.7,0,7.6,-1.3,-7.8,4.2,1
E07000077,2,-0.3,0.2,0.4,1.4,-1.6,0.2,0.2,-0.7,1.7,0.2,0.9,0.7,0.4,-1.6,-2.6,11.1,0.6,0,1,-3.1,2.3,0.9,-3.1,-1.2,-3.3,1.6,2.6,15.2,0.3,-12.2,0.1,0,0.1,11,-2.8,3.7,-0.2,-0.3,-2.3,0,-4.2,7.3,1
E07000078,1,-0.2,0.1,0.2,-0.6,0.9,-0.2,1.2,0.7,1.4,0.4,0.7,1.4,0.3,-2.4,-3.4,13,0.1,0,0.9,-2,2,0,-2.2,0.4,-3.8,0.8,4.7,5.2,0.2,-13.6,0.1,0,0.5,12.5,-6.6,8.3,-1,0.3,-3.5,3.7,-1.8,1.3,1
E07000079,4,0.3,0.2,0.4,-1.7,1.8,0,0,-1.3,1.8,0.4,0.8,0.6,0.2,-1,-2.6,11.7,0.9,-0.2,1,-3.4,0.9,0.2,-2.2,1.3,-2.5,1.3,2.3,3.1,0.1,-11.5,0.1,0,0.1,10,-2.5,3.3,0.7,-0.1,2.7,1.2,-4.6,1.7,1
E07000080,4,0.1,0.4,0.6,-3.1,3,0.1,0,-1.7,1.4,0.4,0.5,0.3,0.1,-0.6,-3,12.1,0.2,-0.2,1.2,-2.7,1.8,0.4,-4.5,1.3,-3.7,1.5,3.1,2.5,0.1,-11.3,0,0,0,11.3,-2,4.3,-1.7,0.5,9.5,-2.1,-8.4,0.8,1
E07000081,2,-0.1,0.2,0.5,-0.6,-0.1,0.6,2.9,0.1,1,1,0.9,1.8,0.6,-3.4,-3.8,12.8,-0.4,-0.1,1.2,-3,2.5,0.6,-3,-1,-5,1,5.3,10.7,0.1,-12,0.2,0,0.9,11.9,-7,7.8,-0.7,0.3,0.9,1.8,-3.1,0.3,1
E07000082,3,0.2,0.2,0.4,-1.6,1.8,-0.1,0.1,-0.3,2,0.4,0.4,0.2,0.1,-0.8,-2.9,11.9,-0.1,-0.2,1.1,-3.5,1.8,0.2,-3.3,0.9,-3.3,1.7,2.8,4.5,0.1,-13,0.1,0,0.1,12.2,-2.7,4.9,-1.5,-0.1,6.5,-1.7,-5.8,1.3,1
E07000083,3,-0.2,0.3,0.4,-1.1,1,0.1,0.1,-0.6,1.1,0.2,0.8,0.5,0.2,-1.1,-2.7,11.4,0.1,-0.2,0.8,-2.8,2,0.3,-3.4,0.3,-3.1,1.6,2.6,7.3,0.1,-12.6,0.1,0,0.1,11.9,-4.5,4.9,-0.1,2.2,2,0.5,-4,0.5,1
E07000084,2,0.1,0.3,0.4,-0.2,1.2,-0.9,0.2,-1.8,1.1,0.4,1.3,2.4,0.6,-3.7,-2.5,11.5,0.2,0,0.7,-3.1,1.1,1.1,-3.9,1.1,-2.7,1,2.4,10,0.4,-14.1,0.7,0,0.4,12.7,-5.4,4.9,0.5,0.4,-0.8,1,-3.5,3,1
E07000085,4,0.2,0.2,0.3,-1.5,0.9,0.6,0.1,-1.7,1.6,0.3,0.7,1,0.3,-1.8,-2.3,11,0.5,0,0.9,-3.2,1.1,0.9,-3.9,1,-2.6,1.5,1.6,5.8,0.1,-12.4,0.1,0,0.1,10.9,-3.6,3.1,0.6,-0.8,6.7,-2.5,-6.4,4.1,1
E07000086,3,0.2,0.4,0.3,-1.7,1.6,0.1,1.1,-1.7,1.4,0.1,1.4,1.4,0.3,-2.7,-2.6,11.2,-0.3,0.2,0.9,-4.1,1.8,1.2,-4.7,1.2,-4.5,1.5,3.9,7.8,0.1,-14.8,0.3,0,0.5,13.2,-7.4,6.6,0.6,-0.3,3.2,-0.2,-4.1,2.5,1
E07000087,4,0.5,0.3,0.5,-2.2,1.2,1,0.5,-1.4,1.4,0.5,0.9,0.7,0.2,-1.5,-2.8,11.6,0,0,0.9,-3.2,1.5,1.1,-4.9,1.8,-4.7,1.7,3.4,3.3,0.1,-14.2,0.1,0,0.1,13.2,-5.2,5,0.5,-2.3,6.9,-1.3,-4.8,2.5,1
E07000088,3,0.7,0.3,0.4,-1,0.8,0.3,2.5,-1.8,1.4,0.2,1.5,0.6,0.5,-1.9,-3.1,12.6,-0.2,0.4,0.9,-2,1.6,2.2,-5.2,1.9,-4.3,2,3.2,8.1,0.1,-16.5,0.1,0,0.2,16.2,-6.5,7.7,-1.3,0.7,9.3,-5.3,-6.1,0.8,1
E07000089,3,-0.1,0.3,0.3,0.3,-0.5,0.1,0.4,-2.4,1.5,0.1,0.8,1.6,0.3,-2.8,-2.2,10.9,0.6,0.3,0.6,-2.2,1.5,0.6,-4.1,0,-1.8,1.6,0.4,9,0.3,-12.6,0.5,0,0.2,10.8,-2.8,3.4,-0.7,0,3,-1.6,-5.2,5.1,1
E07000090,3,0.2,0.4,0.5,-1.5,1,0.5,0.7,-0.5,1.6,0.3,1.3,0.6,0.2,-1.5,-2.9,12.3,-0.2,0.2,1,-3,1.7,1.4,-4.9,2,-5.7,1.4,4.8,3.3,0.1,-14.4,0.1,0,0.2,14.8,-4.8,5,0.2,0.2,6.5,-1.1,-6,1.6,1
E07000091,3,0.5,0.3,0.5,-1.4,1.2,0.3,0.1,0.1,1.7,0.3,0.7,0.5,0.2,-1.3,-2.7,11.6,0,-0.1,1,-3.4,1,1.2,-3.4,1.2,-3.9,1.9,3,4.2,0.1,-13.1,0,0,0.1,11.8,-5.3,4.9,0.9,0,5.6,-0.3,-5.9,1.6,1
E07000092,2,0,0.3,0.3,1.2,-0.9,-0.2,0.7,-2.6,0.8,0.7,1.7,8,1.4,-10.8,-2.6,12.1,0.2,0.1,0.8,-2.8,0.3,1.2,-3,0.5,-1.1,0.8,1.8,3.1,2.9,-15.3,2.8,0,0.7,9.6,-8.9,6.8,1.2,1.8,-0.8,-0.2,-4.1,4.5,1
E07000093,4,0.2,0.4,0.5,-1.5,1.6,0,0.1,-2.9,1,0.4,1,0.9,0.2,-2,-2.4,10.9,0.3,0,1,-2.8,0.8,1,-4.1,0.6,-2.7,1.1,2.3,6,0.2,-12.4,0.2,0,0.3,10.9,-3.7,4.1,0.5,-0.7,2.3,0.5,-4.4,2.8,1
E07000094,2,-0.1,0.2,0.4,0.9,-0.4,-0.5,0.1,-2,1.3,0.8,0.7,1.3,0.1,-2.1,-2.5,11.4,1.1,-0.2,1.2,-3.1,1.5,0.4,-1.8,-0.6,-2.1,1.1,2,8.7,0.3,-12.9,0.2,0,0.1,11.4,-2.8,3.6,-0.5,-1,-3.4,2.1,-0.9,3.7,1
E07000095,2,-0.2,0.3,0.5,1.3,-1.2,0,1.3,-1.9,1.6,0.6,1.8,0.9,3.1,-5.8,-2.3,11.6,0.3,-0.1,0.8,-3.6,1.2,2.6,-6.1,1.2,-6.1,1.7,5,7.5,0.1,-11.3,0.2,0,1.2,9.9,-5.7,6,0.4,-0.6,-1.8,-2.1,-7,11.7,1
E07000096,2,0.1,0.3,0.4,-0.4,0.3,0.1,0.3,-1.5,1.8,0.5,1.4,2.2,1.3,-4.6,-2.4,11.1,0.6,0,1.1,-3.2,1.6,1.9,-4.8,1.8,-5.1,1.5,4.4,5.1,0.2,-12.6,0.6,0,0.9,11.2,-5.3,6.3,-0.9,-0.5,-4.1,0.2,-3.2,7.7,1
E07000098,1,-0.3,0.4,0.3,1.2,-1.7,0.5,0.6,-1.8,2.1,0.3,1.4,3.4,2.5,-7.5,-2.5,11.2,0.9,0,0.8,-3.1,0.1,1.6,-2.4,0.8,-3.3,0.8,3.9,5.9,0.3,-11.3,1.2,3,1.1,5.8,-6.7,6,1.5,0,-9.2,-0.4,-3.3,12.8,1
E07000099,2,0,0.3,0.3,0.2,-0.8,0.6,0.3,-0.6,1.4,0.3,1.3,1.5,0.7,-3.7,-2.8,12.2,0.4,0.2,1,-3,1.7,1.1,-2.5,0.1,-3.4,1.3,3.2,8.7,0.2,-12.8,0.3,0,0.4,11.7,-2.4,5.1,-2.6,-1.1,-0.3,-2,-5.4,10.2,1
E07000102,2,-0.3,0.2,0.4,1.4,-1.8,0.4,0.5,-0.8,2.5,0.5,1,4,0.8,-6.1,-2.6,11.3,0.7,0,0.8,-3,0.6,1.4,-2.2,0.9,-3.2,1.2,3.6,5.4,0.2,-10.9,2,-0.2,0.7,8,-4.1,4.9,-0.6,0.1,-4.1,-1.7,-6.6,12.7,1
E07000103,0,-0.2,0.3,0.2,2.4,-2,-0.4,4.9,-1.8,1.8,0.7,1.6,9.1,3.1,-14,-2.7,12.3,0.1,0.1,1.2,-3.6,-0.4,2.3,-2.5,1.4,-2.3,0.6,3.2,13.3,0.4,-12.3,3.1,0,3.8,5.3,-10.8,10.4,0.2,-0.9,-9.3,2.2,-2.2,9.9,1
E07000105,2,-0.3,0.4,0.5,1,-1.4,0.4,0.3,-0.3,1.4,0.7,1.2,2.5,0.7,-3.9,-2.7,12.5,0.1,0,1.1,-4.4,1.4,2.5,-3.8,0.7,-4.3,1.6,4,14.9,0.5,-13.5,0.8,0,0.3,11.6,-5.9,7,-1.2,-0.6,0.7,0.7,-5.1,4.7,1
E07000106,0,-0.3,0.3,0.4,-0.7,0.5,0.2,0.5,-2.7,1,2.9,0.4,2,0.8,-3.6,-3.7,13.9,0.9,-0.2,1.8,-3.8,1.1,0.9,-2.8,-0.1,-5.7,0.4,7.1,11.7,0.2,-13,0.3,0,0.6,11.9,-6.1,6.6,-0.2,1,-0.8,1.1,-3.8,3.4,1
E07000107,1,-0.4,0.3,0.5,1.3,-1.6,0.3,1.6,0.1,2,0.6,1.9,2.8,2.8,-7.1,-2.9,13,-0.1,0.3,0.9,-3.2,0.8,2.4,-4.5,1.1,-5,0.9,5.2,13.3,0.2,-12.6,0.8,0,0.9,12.2,-6.9,7.9,-1.4,-2.5,-9.4,0.4,-2.9,14.1,1
E07000108,4,0.1,0.4,0.6,-2.2,1.5,0.7,0.2,-0.6,1.8,0.5,1.2,1.2,0.2,-1.8,-3.2,12.3,0.1,-0.5,1.2,-4.7,2,-0.1,-3.6,1.4,-4.2,1.9,3.8,6.8,0.3,-12.5,0.5,0,0.2,11.8,-4.9,6.6,-1.1,-0.5,3.3,0,-3.3,2,1
E07000109,2,-0.4,0.4,0.7,0.7,-0.9,0.2,0.6,-0.7,1.6,0.6,1.6,1.9,2.2,-6.7,-2.7,12.1,0,0.2,1,-4,1.2,2.4,-5.3,0.4,-5.7,1,5.9,6.3,0.1,-11.5,0.3,0,1.1,9.5,-6.7,8.6,-1.4,1.5,1.9,-3.6,-8.4,9.1,1
E07000110,2,-0.4,0.3,0.6,0.6,-0.1,-0.5,0.4,-0.9,1.5,0.2,1.2,1.8,0.6,-3.3,-2.6,12,0,0.1,0.9,-3.7,1.8,2,-4.9,0.1,-4.5,1.7,3.7,11.7,0.4,-13.4,0.5,0,0.6,12.4,-6.8,6.9,0.1,-0.8,-1.3,1.2,-4,5,1
E07000111,2,-0.3,0.3,0.5,-0.2,0.1,0,0.1,0.1,1.8,0.3,0.9,1,0.5,-2.2,-2.6,11.6,0.6,0.1,0.9,-2.5,1.7,0.7,-3.4,1,-3.6,1.4,3.3,5.1,0.1,-11.6,0.1,0,0.2,10.8,-3.1,4.1,-0.5,0,-10.4,-1.1,-5.9,17.2,1
E07000112,2,-0.3,0.5,0.7,-1.8,1.6,0.2,0.3,-1.5,1.2,0.8,1.2,1.8,0.2,-2.6,-3,12.3,0,-0.3,1.2,-3.2,1.7,0.5,-4.4,2.6,-5.4,2.1,5.2,12.2,0.7,-13.1,0.4,0,0.4,11.8,-7.6,9,-1,1,2.7,-0.8,-5.6,3.1,1
E07000113,3,0.1,0.5,0.7,-0.5,0.4,0.1,0.4,-0.8,1.2,0.3,1.1,0.3,0.7,-1.6,-2.5,11.9,-0.2,0,0.7,-3.8,1.6,2.3,-5.1,0.9,-5.1,1.6,4.6,10.6,0.1,-12.9,0.1,0,0.2,13.4,-5.1,6.2,-1,0.2,4.4,-1.5,-6,4.3,1
E07000114,2,-0.1,0.5,0.6,-0.2,0,0.2,0.7,-0.3,1.7,0.8,1.3,1,0.3,-2.2,-3.7,12.6,0.1,-0.1,1.4,-4.3,2,1.1,-2.6,0.9,-4.6,1.7,5,5.9,0.1,-12.1,0.3,0,0.4,12.7,-8.1,9.3,-0.6,1.4,5.5,-2.5,-5.4,2.8,1
E07000115,3,0,0.4,0.6,0.2,-0.4,0.2,0.5,-1,1.7,0.4,1.1,1.3,0.2,-2.4,-2.5,11.8,0.1,0.1,0.9,-3.1,2,1.9,-4.8,-0.2,-4.6,1.8,3.7,12.3,0.2,-12.5,0.3,0,0.3,12.3,-4,4.2,0.1,0.2,-5.8,0.3,-3.6,9.5,1
E07000116,1,-0.3,0.3,0.4,0.5,-1,0.5,0.3,-0.7,1.8,0.4,1.1,1.5,0.3,-2.6,-2.8,12.1,-0.1,-0.1,0.6,-2.4,1.7,1.4,-3,-0.1,-3.9,1.5,3.6,10.6,0.1,-12.1,0.2,0,0.5,10.6,-5.3,6.4,-0.6,-1.2,-9.4,1.8,-3.1,11.9,1
E07000117,2,-0.5,0.4,0.5,-4.4,3.7,0.8,-0.2,-1.9,1.1,0.5,2.1,3.7,0.1,-4.4,-4.2,11.8,0.3,-0.3,1.5,-2.4,1.5,0.7,-5.2,3.4,-5.4,1.1,5.8,-2.8,0.1,-10.8,-0.1,0,3.3,8.7,-6.9,8.7,-0.9,-0.1,4.9,-1.3,-4,0.3,1
E07000118,2,-0.3,0.4,0.6,-1.4,2,-0.6,0.3,0,0.8,0.2,0.6,0.5,0.1,-1,-4.1,12.1,-0.2,-0.1,1.2,-3.6,2.1,0.9,-5.1,1.3,-4.3,1.4,3.8,6.7,0.1,-8.7,0,0,0.4,8.1,-3.3,5.4,-1.3,-0.4,9.4,-2.8,-7.3,1.9,1
E07000119,3,0,0.3,0.7,-1.9,1.3,0.6,0.2,0.4,0.7,0.6,1.1,0.5,0.1,-1.1,-4.2,11.7,-0.1,-0.3,1.1,-2.6,1,1.4,-3.8,2.7,-4.4,2.1,3.6,3.5,0.1,-8.7,0.1,-0.1,0.2,8.7,-5.8,5.5,0.6,-0.7,1,1.4,-1.6,0.8,1
E07000120,3,-0.7,0.2,0.6,-2.4,2.5,-0.1,-0.1,-1.3,1.5,1,1.4,3.6,0.1,-4,-4.4,12.9,-0.2,-0.2,1.3,-3.2,0.5,2.4,-5.9,3.5,-6,1.7,6,-0.9,0.1,-9.9,0,0,3.1,7.8,-7,9,-1.3,0.1,6.3,-2.3,-5.1,0.6,1
E07000121,2,-0.2,0.3,0.4,-1.7,1.3,0.5,0.1,1.9,0.8,1.2,-0.3,1.6,0.2,-2.2,-4.1,13.1,0.3,-0.2,1.4,-2.8,2.2,-0.2,-2.3,0.7,-3.6,0.7,4.5,3.3,0.1,-10.5,0.2,0,0.7,10.8,-3.5,4.1,-0.1,0.8,2.7,0.4,-4.9,1.2,1
E07000122,2,-0.4,0.4,0.5,-2.4,2.4,0,0,0.5,0.8,0.7,1.1,4.6,0,-5.1,-4.4,12.7,0.1,-0.2,1.6,-3.2,1,1.1,-4,2.5,-4.5,0.9,5.1,0.2,0.1,-11.7,0,0,4,8.8,-6.4,8.2,-1.1,-0.8,8.1,-2.3,-5.4,0.6,1
E07000123,0,-0.7,0.4,0.3,-1.8,1.6,0.1,0.7,0.2,0.5,2.1,1,3.5,0.3,-5.3,-4.3,13.4,0.6,-0.3,1.8,-2.9,1.6,0.5,-4.5,3.1,-6.3,0.6,7.3,8.2,0.1,-10.5,-0.2,0,3,8.6,-8,9.4,-0.3,0.5,-2.8,4,-1.5,-0.5,1
E07000124,3,0,0.2,0.4,-1.2,1.2,0,0,0.8,0.5,0.6,0.5,0.3,0.1,-0.6,-3.9,12.1,0,-0.6,1.2,-4,1.5,1,-4.6,1.8,-3.8,2,2.3,5.9,0,-7.2,0,0,0.1,6.3,-4.4,4.6,0.1,-0.3,8.2,-1,-6.3,0.9,1
E07000125,3,-0.2,0.2,0.4,-2.5,2.2,0.3,0.2,-0.2,1.4,0.5,1.3,1.8,0.1,-2.4,-4.3,12.4,0.3,-0.1,1.1,-2.7,2.4,0.7,-4.8,1.5,-5.3,1.5,4.8,3.6,0.1,-11.9,0,0,1,11.2,-1.9,6.2,-3.2,-0.1,10.6,-4.1,-6.7,0.4,1
E07000126,3,-0.3,0.3,0.4,-1.7,1.3,0.5,0.5,0.6,0.8,0.3,0.8,0.4,0.1,-0.9,-4,12.6,-0.1,-0.2,0.9,-2.8,2.7,1.7,-5.5,0.5,-5.5,1.6,4.8,5,0.1,-9,0.1,0,0.2,8.3,-4.4,5.5,-0.4,1.5,6,-1.1,-6,1.2,1
E07000127,3,-0.1,0.3,0.4,-2.4,2.2,0.2,0.1,0,0.7,1.5,0.7,0.2,0,-0.4,-3.7,11.3,0.5,-0.2,1.4,-3.2,1.7,0.8,-5.2,0.9,-4.6,0.9,4.5,2.1,0,-7.6,0,0,0.1,8.3,-0.8,4.8,-2.8,-0.1,4.1,-0.1,-5.4,2.6,1
E07000128,4,0,0.5,0.6,-2.2,1.5,0.7,0.1,1.4,0.6,0.7,0.6,0.3,0.1,-0.6,-4.1,11.6,-0.2,-0.3,1.1,-3,1.9,0.1,-3.4,0.9,-3.7,1.6,3.7,2,0.1,-8.5,0,0,0.1,8.4,-5.2,5.3,0.2,0,10.8,-2.2,-7.9,0.6,1
E07000129,4,-0.3,0.4,0.6,-0.9,1.1,-0.2,0.3,-2,1,0.6,0.8,1.9,0.5,-3.3,-2.9,12,0.7,-0.1,1,-3.6,0.7,2.4,-6.7,3.1,-5.6,1.8,3.9,4.1,0.1,-15.5,0.9,0,0.4,13.2,-5.7,6,-0.5,0.5,6.2,-0.8,-5.7,0.5,1
E07000130,2,-0.3,0.2,0.4,-2,1.5,0.5,0.5,-1.5,0.6,0.6,0.5,3,0.4,-4.3,-3.1,12.9,0.2,-0.2,1.4,-2.8,1.7,1.1,-5.2,1.5,-5.6,1.3,4.9,8.2,0.1,-14,1,0,0.8,12,-5.3,5.9,-0.2,0.1,6.2,-0.9,-5.6,1.1,1
E07000131,3,-0.2,0.3,0.4,-0.6,0.7,-0.1,0.1,-1.7,1.2,0.2,0.7,1.8,0.2,-2.6,-2.7,12,0.7,-0.2,1.1,-3.7,0.8,1,-4.4,1.8,-3.5,1.5,2.4,11.5,0.1,-12.5,0.8,0,0.3,10.6,-5.4,5.5,0,0.5,7.9,-1.8,-6.9,1.8,1
E07000132,3,-0.5,0.3,0.4,-2.4,3.7,-1.3,0.2,-1.4,1,0.1,0.7,0.9,0.1,-1.5,-3.2,12.7,0.3,0.2,0.9,-2.7,1.2,1.6,-6.1,3.6,-4.8,2.2,3.3,4.9,0.1,-14.1,0.3,0,0.2,12.7,-5.6,5.9,-0.3,0.1,9.7,-2.4,-6.2,0.6,1
E07000133,3,-0.1,0.3,0.3,-1.5,2.4,-0.9,0.1,0.2,1,0.4,0.5,0.4,0.1,-0.9,-2.6,11.6,-0.2,-0.2,1.1,-3.2,1.8,1.8,-6.2,2.6,-5.1,2,3.9,5.2,0.1,-11.2,0.1,0,0,11,-4.1,4.9,-0.7,-0.3,8.4,-1.4,-6.5,1.4,1
E07000134,3,-0.1,0.2,0.4,-0.2,0.9,-0.7,0.3,-1,1,0.5,1,0.6,0.1,-1.2,-3.7,13.6,0.1,0.1,1,-3.6,1.6,1.2,-4.5,1.2,-4.5,1.9,3.6,9.3,0.1,-13.3,0.2,0,0.1,13,-3.7,5.8,-1.8,-1.1,4.1,0.9,-3.5,0.3,1
E07000135,2,-0.2,0.4,0.6,-0.9,-1.8,2.6,0.2,-1.4,0.6,0.3,0.7,8.5,0.3,-11,-2.6,11.8,0.4,-0.3,1.4,-3.4,1.6,0.6,-3.8,-0.4,-4.7,0.3,4.7,0.7,0.1,-16.3,3.1,-0.1,3,8.5,-4.2,4.6,-0.4,2.5,8.4,-3.8,-7.4,1,1
E07000136,0,-0.5,0.3,0.3,1.2,-0.8,-0.4,0.3,3.1,-0.1,0.3,1.3,0.7,0.2,-1.6,-3.8,13.5,-1,-0.2,0.7,-6,1.4,1.3,-5,-0.7,-6,2.1,5.4,15.9,0.1,-9.1,0.1,0,0.2,8.9,-5.8,8.4,-1.7,0.3,6.5,1.4,-4.9,0.2,1
E07000137,4,0.3,0.4,0.9,-2.5,2.5,0,0,-0.6,0.1,0.4,0.9,0.2,0.1,-0.5,-3.3,11,0,-0.3,1.2,-4.4,1.4,1.2,-4.9,3,-4.5,2.3,2.7,4.6,0,-11.2,0,0,0.1,11.2,-3.9,4.1,0.4,-0.2,9.9,-0.8,-7.4,0.1,1
E07000138,-1,-0.3,0.2,0.5,-2.5,2.3,0.2,2.2,-0.5,0.6,3.3,0.8,0.9,0.6,-2.3,-4,13.6,0.4,0.1,1.8,-3.6,2.4,0.2,-4.2,1.8,-7.8,0.3,9.6,9.3,0.2,-15.9,0.2,0,0.5,15.7,-7.6,9.6,-0.7,-2.1,-3.8,7.2,-1.7,0.2,1
E07000139,3,0.1,0.4,0.7,-1.4,1.2,0.2,0.1,0.7,0.9,0.5,0.5,0.3,0.1,-0.7,-3,11.5,-0.1,-0.1,0.8,-3.1,2.2,1.2,-5.1,1.4,-4.7,2.3,3,14.6,0,-12.4,0.1,0,0.1,11,-2.3,4.8,-1.5,-0.8,10.7,-2,-6.1,1,1
E07000140,1,-0.3,0.4,0.4,0.7,-0.7,0,0.2,1.5,0.2,0.4,1.7,0.4,0.1,-1,-3.2,13.2,0.3,-0.4,0.8,-6.3,2.5,1.1,-4.2,-0.3,-6.1,2.1,4.8,15.4,0,-10.2,0.1,0,0.1,9.7,-3.9,6.3,-1.4,-1.2,7.3,1.4,-6.2,0.9,1
E07000141,4,0.4,0.4,0.5,-2.1,2.3,-0.1,0.1,-1.2,1.2,0.4,0.9,0.4,0.2,-1,-2.4,11.3,0.1,0,0.8,-4.1,1.8,1.4,-5,1.3,-4.4,2.2,2.8,7.2,0.1,-11.7,0.1,0,0,10.7,-4,6,-1.4,-0.8,8.1,-0.6,-5.9,1.7,1
E07000142,3,0.1,0.2,0.6,-2.5,2.6,-0.1,0.1,0.8,0.9,0.4,0.6,0.5,0.1,-0.9,-3.3,11.7,0.1,-0.2,1.1,-3.9,2,1.1,-5.1,2.1,-4.6,2.4,3.1,12.2,0.1,-11.5,0.1,0,0.2,10.9,-2.1,3.7,-1,-0.3,13.5,-2.3,-9.5,0.6,1
E07000143,3,-0.1,0.4,0.7,-0.6,0.2,0.3,0.1,0.2,0.5,0.6,0.9,0.5,0.1,-1.1,-3.2,12.5,0,-0.2,1.1,-5.1,1.9,1.6,-3.9,-1.3,-4.5,1.6,3.9,7.5,0.1,-11.8,0.1,0,0.2,11.9,-4.3,5.9,-0.6,0.5,9.1,-0.5,-7.9,0.7,1
E07000144,3,0,0.3,0.6,-1,0.5,0.6,0.1,-0.9,1.6,0.5,0.6,0.5,0.2,-1.1,-3,12.6,0.3,-0.1,1,-3.9,1.6,1.4,-4.5,1.1,-4.7,1.9,3.1,5.2,0.1,-13.3,0.1,0,0.1,13.1,-3.3,3.5,0.3,1.9,8,-1.4,-8.6,0.7,1
E07000145,2,-0.6,0.4,0.7,0.1,-0.9,0.8,0.4,0.5,0.1,0.5,0.8,0.8,0.3,-1.8,-3.7,13,-0.2,-0.4,1,-4.5,2.1,2.2,-4,-1.2,-5.4,1.3,5.9,7.1,0.1,-13.5,0.1,0,0.2,13.6,-5.5,7.1,-0.7,0.5,3,1.4,-5.2,0.3,1
E07000146,2,-0.1,0.4,0.8,-0.5,0.1,0.3,0.1,0.7,0.6,0.3,1.1,0.8,0.2,-1.4,-3.5,12.9,0.2,-0.1,1.1,-4,2.8,0.3,-3.4,-0.7,-4.7,1.7,4.2,8.9,0.1,-11.8,0.1,0,0.2,11.8,-2.1,4.8,-1.4,-0.3,5.4,0.5,-5.9,1.4,1
E07000147,3,0.3,0.3,0.7,-1.9,1.7,0.2,0,-0.9,1.6,0.3,0.8,0.3,0.1,-0.6,-3.4,12.8,0.4,-0.3,1.1,-3.5,1.7,0.5,-3.7,1.3,-3.8,1.9,2.9,3.2,0.1,-11.6,0,0,0.1,11.3,-1.1,2.9,-0.9,-0.1,8.3,-0.9,-5.9,1.1,1
E07000148,-1,-0.4,0.2,0.2,-0.4,1.2,-0.8,2.8,0,1.1,1.9,0.9,3.2,1.3,-6,-4.2,15.4,0.3,-0.1,1.6,-3.1,1.7,1,-2.9,1.1,-5.5,0.4,7.2,9,0.3,-15.5,0.5,0,1.2,14.7,-4.9,8.4,-3.4,-2.2,-12.1,10.8,0.2,0.2,1
E07000149,2,-0.2,0.3,0.5,-0.3,0.4,-0.1,0.2,0.5,0.8,0.6,0.7,0.6,0.2,-1.3,-3.2,13.3,0.2,0.1,1.1,-4.4,2.4,1.4,-4.3,0.4,-4.6,1.9,3.6,12,0.1,-13.5,0.1,0,0.2,13.3,-2.9,3.6,0,2.7,7.4,-1.2,-8.5,1.2,1
E07000163,4,0.6,0.4,0.4,-2.5,2.3,0.2,0,1,0.2,0.6,0.5,0.9,0,-1.2,-3.7,12.1,0.4,-0.4,0.7,-3.8,0.5,1.3,-3.7,2.6,-3,1.7,2.4,3.3,0.1,-10.8,0.1,0,0.3,9.6,-3.3,4.5,-0.6,-0.8,4.3,0.8,-6.7,2.4,1
E07000164,5,0.7,0.2,0.5,-2.7,2.6,0.1,0,0.5,0.3,0.3,0.5,0.4,0.2,-0.9,-3.3,11.3,-0.2,-0.2,0.9,-2.8,1.8,0.6,-6.3,2.7,-4.6,1.8,3.2,6,0,-10.4,0.1,0,0.2,9.4,-3.5,3.9,0,-1.1,6.9,1.1,-6.6,1,1
E07000165,3,0.1,0.2,0.3,-0.2,0,0.2,0.1,0.6,1.4,0.2,0.7,1,0.5,-2.1,-3.4,12.3,-0.1,-0.2,0.9,-2.6,1.1,1.2,-3.1,0.1,-2,1.3,1.6,4.3,0.1,-10.4,0.1,0,0.2,9.9,-4.4,5.3,0,-0.3,4.7,-0.6,-5.2,1.8,1
E07000166,3,0.2,0.2,0.3,-2.6,2.5,0,0,1.9,0,0.4,0.4,1.4,0.8,-2.9,-3,11.8,-0.3,0,0.7,2.3,1.5,1,-4.9,1.5,-4.2,1.7,3.4,10.5,0.5,-12.6,0.3,0,0.2,11,-1.6,4.3,-2.1,-0.5,11.5,-3.1,-7.3,0.6,1
E07000167,4,0.7,0.3,0.4,-1.8,1.8,-0.1,0,0.1,1.1,0.6,0.6,0.3,0.1,-0.7,-3.1,11.8,0,-0.3,0.9,-4.2,1.2,0.7,-3.7,2.1,-3.9,1.7,2.6,1.7,0.1,-10.5,0,0,0.1,9.4,-1.8,2.8,0.3,-0.9,5.6,1.2,-5.7,0.9,1
E07000168,3,0.2,0.2,0.5,-2.3,1.9,0.4,0,0.4,0.7,0.7,0.7,0.9,0.1,-1.5,-3.7,11.7,-0.5,-0.4,1.1,-2.5,1.8,0.6,-4.1,1.8,-4.3,1.7,4.1,2.4,0.1,-12.2,0.1,0,0.3,12,-4.6,6,-0.9,-0.8,5.1,0.8,-5.8,0.8,1
E07000169,3,0.2,0.3,0.2,-2.5,2.4,0.1,0.1,0.2,1,0.6,1,0.3,0.2,-1,-3.4,12.2,-0.6,-0.1,0.9,-3.9,2.3,0.3,-4.7,0.9,-4.3,1.4,3.9,9.1,0.1,-10.2,0,0,0.1,10.4,-3.2,5.2,-1.3,0.4,8.5,-1.9,-6.7,2.4,1
E07000170,3,-0.5,0.3,0.6,-0.5,0.9,-0.4,0.7,0.9,1,0.5,0.5,0.5,0.2,-1.3,-4.3,13.4,-0.3,0.1,0.9,-2.9,2.3,1.7,-5.7,1.1,-5.7,2,5.2,7.3,0.1,-14.7,0.1,0,0.2,16,-3.3,6.6,-2.5,-0.3,4.8,-2,-4.5,2.7,1
E07000171,4,-0.5,0.2,0.5,-1.9,1.6,0.3,0.1,2.9,1.1,0.7,0,0.5,0.2,-1.2,-4,12.2,-0.8,-0.1,1.2,-3.6,1.9,0.5,-4.3,1.1,-4.6,1.8,3.6,4.8,0.1,-10.7,0.1,0,0.3,10.9,-1.5,5.1,-3.7,-1,5.4,0.1,-4,0.9,1
E07000172,3,-0.4,0.4,0.4,-1.2,0.6,0.6,0.2,-0.3,0.8,0.3,1.3,1.4,0.3,-2.7,-3.8,12.4,0,-0.1,1,-3.1,2.5,0.6,-4.1,0.3,-4.5,1.4,4,1.8,0.1,-14,0.2,0,0.6,13.2,-3,4.7,-1.3,2.4,5.4,-2.3,-7,1.4,1
E07000173,2,-0.2,0.3,0.6,-0.9,0.8,0.1,0.1,-1,1.1,0.5,1.2,1.3,0.5,-3.1,-3.5,12.1,-0.1,-0.2,1,-3.3,1.7,1.5,-4.8,1.7,-4.8,1.5,4.4,1.6,0.1,-14.7,0.1,0,0.7,14,-5.5,6.8,-1.1,6.1,7.3,-4.3,-8.9,0.7,1
E07000174,3,-0.3,0.2,0.4,-1.6,1,0.6,0.8,3.5,1.3,0.6,0.2,0.5,0.1,-1.2,-4.3,13.1,-0.9,0.2,1.1,-3.1,2.9,0.4,-4.4,0.8,-5.7,1.5,5.4,6.4,0.1,-14.4,0,0,0.3,14.9,-3.1,6.5,-2.5,-2.1,8.2,-1.6,-4.6,0.5,1
E07000175,3,-0.2,0.3,0.4,-1.7,1.6,0.1,0.1,1.6,1,0.5,0.5,0.4,0.2,-1,-3.6,12.1,-0.5,-0.3,1.1,-3.5,1.7,0.7,-4.1,1.5,-4.9,1.9,4.3,8,0.1,-13,0.1,0,0.2,12.7,-3.1,5.7,-1.8,-0.5,8,0.1,-6.6,1.4,1
E07000176,3,-0.1,0.2,0.4,0.3,-0.5,0.2,0.1,-0.9,1.4,0.7,0.6,1.8,0.1,-2.8,-3.1,11.7,0.7,-0.3,1.3,-3.3,0.9,0.9,-2.4,-0.1,-2.5,1.2,2.1,5.2,0.1,-12.9,0.4,-0.1,0.6,11.6,-1.5,3.2,-1.4,1.1,7.5,-1.9,-7.4,0.9,1
E07000177,3,0.1,0.2,0.4,0.3,-0.8,0.5,0.2,-2.4,1.3,0.4,1,2.3,0.8,-3.9,-2.3,12,0.2,-0.1,1.1,-3.2,1.1,1.6,-3.7,-0.4,-3.4,1,2.9,7.7,0.2,-11.7,0.2,0,1,10.4,-5.3,6.1,-0.8,2.1,-0.8,0.7,-4,2.5,1
E07000178,-2,-0.4,0.2,0.1,2.4,-1.7,-0.7,3.9,-0.5,0.8,1.2,1,5.7,2.1,-9.5,-3,13.9,0.4,-0.2,1.5,-2.6,1.6,0.9,-1.4,-0.9,-2,0,3.6,13.2,0.1,-12.4,0.6,-0.1,2.9,9.2,-7.5,7.6,0.4,-0.4,-14.4,7.7,0.3,0.9,1
E07000179,4,0.1,0.2,0.3,0.1,-0.7,0.7,0.1,-1,1.5,0.1,0.8,1,0.2,-1.8,-2.3,11.2,0.6,-0.1,1,-3.5,1.1,0.9,-2.8,-0.5,-2.5,0.9,2.3,4.7,0.2,-11.9,0.2,0,0.2,10.6,-3.3,3.4,0.1,1.1,0.5,0.3,-5.3,3.8,1
E07000180,2,0.3,0.2,0.4,-1.1,1.3,-0.2,0.1,-0.6,1.4,0,0.9,1.3,0.8,-2.7,-2.5,10.9,0.1,0,1,-2.6,1.4,0.9,-4.8,2.3,-3.3,1.4,2.3,4.6,0.2,-12.5,0.3,0,0.4,11.1,-3.7,3.2,0.5,2.5,-1.3,0.6,-3.8,1.8,1
E07000181,3,0.1,0.2,0.3,-1.5,1.8,-0.3,0.1,-0.1,0.9,0.4,0.7,0.8,0.2,-1.5,-2.7,11.6,-0.2,0.1,0.8,-2.4,1.6,1.1,-4.6,1.5,-3.8,1.5,3.1,9.6,0.2,-12,0.1,0,0.2,10.7,-3.1,3.9,-0.6,1.8,3.7,0.1,-5.6,1.7,1
E07000187,3,0.3,0.3,0.6,-1.8,1.8,0.1,0.1,-0.1,2,0.4,0.4,0.5,0.1,-0.9,-3,11.8,0.3,0,0.9,-3.9,1.2,0.6,-3.7,1.6,-4,1.5,3.5,5.2,0.2,-12.6,0,0,0.1,11.3,-4.2,5.3,-0.3,0.1,5.6,-0.4,-5,0.7,1
E07000188,3,0.2,0.4,0.4,-0.8,0.6,0.3,0.1,0.6,1,0.6,0.9,0.2,0,-0.5,-3.6,12.9,-0.1,-0.1,1.2,-4,2.1,1,-3.4,0.8,-4.7,1.6,4.2,8.2,0,-13.1,0,0,0.1,12.5,-5.3,6.4,-0.2,-0.3,9.8,-0.3,-7,0.7,1
E07000189,3,0,0.4,0.4,-1.3,1.3,0,0.1,0.1,1.1,0.4,0.6,0.5,0.1,-0.8,-3.2,12.8,-0.5,-0.1,1.2,-2.7,1.8,0.8,-3.7,1.2,-4.4,1.7,3.6,6.8,0.1,-12.1,0,0,0.1,11.2,-4,4.6,0.1,-0.4,3.6,1.8,-4.3,0.5,1
E07000192,3,0,0.4,0.7,-2.4,2.1,0.4,0.7,-1.3,1.3,0.7,1.4,0.3,0.1,-0.9,-3.4,11.8,-0.2,-0.1,1.2,-3.5,2.2,1.4,-6.4,2.2,-6.2,1.6,5,5.8,0.1,-11.6,0,0,0.1,12.4,-4.2,7.1,-2.3,-1.4,9.1,-2.3,-6.3,1.5,1
E07000193,2,-0.3,0.2,0.2,-1.4,0.9,0.5,0.3,0.2,0.6,0.6,0.7,2.4,0.3,-3.5,-3,12.2,-0.6,-0.3,1.3,-4.3,1.7,1.2,-5,1.6,-5.7,1.4,5.7,9.5,0.1,-13.3,0.1,0,2,10.5,-5.9,7,-0.5,-1.4,3,2,-3.9,0.9,1
E07000194,3,-0.5,0.4,0.6,-1.8,1.7,0,0.2,-2.4,0.6,0.4,0.9,0.7,0.2,-1.4,-3,11.7,0.1,0.1,1.3,-3.7,2.7,0.6,-6.8,0.6,-4.7,1.5,4.1,8,0.1,-11.6,0.1,0,0.2,11,-3.3,4.1,-0.2,-1.1,7,-1.5,-6.2,3.1,1
E07000195,2,-0.4,0.3,0.5,-2,2,0,0.1,-0.2,0.6,0.9,0.9,1.8,0.4,-3,-4.1,13,0.1,0,1.2,-3.1,1.8,0.7,-5.3,2.4,-5.7,1.6,5.3,1.5,0.2,-12.8,0.2,0,0.6,12,-2.8,4.9,-0.8,-1.7,8.4,-1.6,-5.7,0.7,1
E07000196,4,-0.3,0.5,0.4,-3.6,3.1,0.5,0,-1.6,0.7,0.3,0.9,1,0.2,-2.1,-2.8,10.5,-0.4,0.1,1,-3.6,1.7,1,-7.6,2.6,-5.5,1.5,4,2.1,0.1,-10.2,0.1,0,0.2,9.2,-3.5,3.8,0.2,-0.2,14.3,-3.9,-11.6,2.4,1
E07000197,3,-0.2,0.3,0.5,-1.5,1.9,-0.4,0.2,-0.6,0.6,0.7,0.5,1.4,0.4,-2.4,-3.3,12.2,0.1,-0.1,1.5,-2.8,1.6,0.7,-5.7,3.1,-4.7,1.6,4,8.5,0.2,-12.1,0.4,0,0.5,10.7,-4.2,5.5,-0.4,-1.7,3.7,1,-4,1.6,1
E07000198,4,0,0.3,0.6,-2.9,3.4,-0.5,0.1,0,0.7,0.2,0.6,0.2,0.1,-0.6,-3.6,11.7,0.3,0.1,0.8,-3.3,1.7,1.1,-6.6,3.2,-4.9,2.1,3.1,2.8,0.1,-10,0,0,0.1,9.8,-3.5,4.1,-0.1,-1.2,14.9,-3.8,-9.5,0.6,1
E07000199,4,-0.2,0.3,0.4,-3.5,3.6,-0.1,0.7,-2,1.2,0.1,0.9,0.3,0,-0.8,-3,11.7,0.1,0.1,1.1,-3.5,1.6,0.8,-7,2.8,-5.4,1.5,4.3,3.1,0.1,-13.5,0,0,0.1,13.9,-4.7,7.1,-1.8,-2.3,10,-1.8,-6.3,1.8,1
E07000200,3,0.1,0.2,0.4,-1.5,1.5,0,0.1,-1.4,1.1,0.3,0.8,0.4,0.1,-0.9,-2.7,12,0.5,-0.2,0.9,-3.1,1.2,1.2,-3.9,1,-3.3,1.6,2.2,5.1,0.1,-12.3,0,0,0.1,12.1,-3.9,4.7,0.1,-0.3,7.1,-0.9,-7.5,3.2,1
E07000202,0,-0.4,0.2,0.3,0.4,-0.5,0.2,4.1,1,0.9,0.7,1.9,2.1,0.5,-4.5,-3.6,13.3,-1.1,0,1.1,-3.4,2.8,1.5,-2.9,-0.1,-5.3,1.8,5.5,13.9,0.2,-15,0.4,0,1.4,14.7,-8.2,9.2,-0.3,-2.6,-2,5.3,-2.1,1.4,1
E07000203,3,0.2,0.2,0.4,-1.4,1.3,0.2,0.1,-0.4,1.2,0.5,0.5,0.4,0.3,-1.1,-2.7,11.7,0.5,-0.3,0.9,-3.9,1.5,1.6,-4,0.7,-3.6,2.2,2.3,11.4,0.1,-13.1,0.1,0,0.1,12.5,-1.6,2.8,-0.7,-1.6,8.5,-0.1,-7.2,2.6,1
E07000207,1,-0.7,0.2,0.2,2.6,-2.7,0.1,0.9,0.4,1.9,0.3,0.7,2.5,0.4,-3.7,-2.5,11.2,0.8,0.2,0.7,-2.2,1.1,0.4,0.6,-1.5,-0.3,0.6,1.1,7.3,0.1,-10.2,0.3,-0.2,0.5,8.7,-4.3,5,-0.4,0.6,-13.4,-0.4,-4.6,17.4,1
E07000208,0,-0.5,0.2,0.2,2.3,-3.2,0.8,2.4,0,1.4,0.7,0.9,3.9,0.6,-5.4,-2.6,12.2,0.7,-0.1,0.9,-2.5,0.9,1.2,-1.3,-0.9,-2.7,1,3.1,12,0.1,-11.4,0.7,0,1.1,9.5,-5.4,5,0.2,0.9,-9.5,-1.4,-5.2,14.9,1
E07000209,1,-0.5,0.2,0.2,1.9,-1.8,-0.1,0.3,-2.4,1,1.3,1,2.8,0.6,-5,-2.6,11.9,1.1,0,1,-2.9,1.1,0.9,-0.2,-2.4,-1.6,0.5,2.5,5.8,0.3,-13.4,0.4,0,1.1,10.9,-4.4,4.5,0.3,-0.2,-5,0.9,-2.5,7,1
E07000210,2,-0.4,0.2,0.3,0.9,-1.1,0.2,0.2,0.1,1.4,0.5,0.9,1.3,0.2,-2.4,-2.5,11,0.5,0,0.7,-2.8,0.8,1.1,-1.6,0.3,-2.4,1.1,2.3,6.3,0.2,-11.1,0.3,0,0.2,9.6,-3.2,3.9,-0.6,0,-7.4,1.3,-2.7,8.6,1
E07000211,1,-0.5,0.3,0.3,2.1,-2.9,0.7,0.9,-0.1,1.4,0.3,1.2,2.5,0.7,-4.4,-2.5,11.8,0.3,0.1,0.8,-2.8,1.4,2,-0.9,-1.7,-2.5,0.8,3.1,8.9,0.2,-11.9,0.6,0,0.6,10.2,-5.3,5.4,-0.5,0.5,-6.7,-0.1,-4.5,10.4,1
E07000212,2,-0.4,0.3,0.3,0.8,-0.6,-0.2,0.3,-1,1.5,0.9,1.1,4.3,0.6,-6,-2.6,11.7,1.1,0.2,1.1,-2.6,0.1,0.7,-1.6,0.5,-2.1,1,2.4,3.2,0.3,-11.5,0.8,0,1,9.6,-5.9,5.3,1,0.3,-6.3,2.9,-2.4,4.9,1
E07000213,2,-0.4,0.4,0.6,1.7,-2.7,1,1.2,-0.4,1.5,0.4,1.3,4.4,1,-7,-2.5,11.3,0.4,0.1,1,-2.8,1,1.4,-1.9,-1,-3.2,1,3.3,5.8,0.2,-11.5,1.4,0,1,8.4,-5.6,5,0.8,1,1.2,-1.4,-5.5,4.4,1
E07000214,3,-0.2,0.3,0.2,0.2,-1.1,0.9,0.6,-1.8,1.6,0.3,1.2,3.8,0.6,-5.2,-2.1,10,0.3,-0.2,0.8,-3.2,1.3,0.7,-3.7,-0.3,-3,1.2,2,7.3,0.5,-12.9,0.9,0,0.7,9.8,-3.9,3.6,0.2,-0.7,0,0.1,-3.1,4.2,1
E07000215,3,-0.1,0.4,0.3,0.6,-0.9,0.4,0.1,-0.3,1.5,0.4,1.1,1.3,0.6,-3.1,-2.4,11.2,0.2,0.1,1,-3.2,0.7,2,-2.3,-0.2,-3.2,1.4,3,4.7,0.1,-11.3,0.3,-0.1,0.2,10.3,-4,4.1,-0.3,-0.6,-4.9,-2,-7.8,15.2,1
E07000216,2,-0.4,0.2,0.3,1.7,-1.3,-0.4,0.2,-1.1,2.2,0.2,0.8,0.7,0.1,-1.4,-2.6,11.7,0.6,-0.1,0.6,-2.4,1,0.5,-0.8,-0.4,-0.6,1,0.6,5.1,0.1,-11.2,0.1,0,0.1,9.9,-2.3,3.3,-0.6,-0.3,-2.8,-0.9,-4.7,9.2,1
E07000217,1,-0.3,0.3,0.3,1.3,-2,0.7,1.5,-1.6,1.9,0.4,1.4,5.3,0.9,-7.7,-2.5,11.9,0.2,-0.2,0.9,-2.5,1.2,0.1,-0.9,-1.7,-1.6,0.7,1.9,10.4,0.4,-12.5,1.3,0,2.3,8,-5.7,6.3,-0.2,-0.4,-5,-0.1,-3.9,9.6,1
E07000218,4,-0.2,0.3,0.6,-2.1,1.6,0.5,0,-0.8,1.2,0.5,1,0.4,0.1,-0.7,-3.2,12.1,0.3,0.1,1,-3.5,1.9,1.4,-5.6,1.3,-4.8,1.6,3.8,0.3,0.1,-10.8,0.1,0,0,10.7,-2.5,4.3,-1.1,-0.7,5.2,-0.5,-4.6,1.4,1
E07000219,2,-0.5,0.2,0.5,-1.6,1.6,0,0.8,-1.5,1,0.7,1.8,2.3,0.6,-3.8,-3.5,11.9,-0.4,0,1.1,-2.7,2,1.6,-6.1,2,-6.1,1.6,5.3,5.1,0.3,-13.4,0.5,0,0.7,12.3,-5.4,6.9,-0.8,-1,10.1,-3,-6.1,1.1,1
E07000220,1,-0.5,0.2,0.3,0.2,0.3,-0.5,0.4,-0.5,1.1,0.4,1,1.5,1,-3.5,-3.2,12.6,-0.5,0.1,0.9,-2,2.2,1.2,-4.8,0.1,-4.6,1.7,4.3,14.4,0.2,-11.1,0.3,0,0.6,10.5,-6.6,7.3,-0.1,-0.8,3.1,0.4,-3.4,2.1,1
E07000221,4,0.1,0.3,0.6,-0.8,0.9,-0.1,0.1,-1.8,1.5,0.5,0.5,0.7,0.1,-1.3,-2.8,11.6,0.4,-0.1,1,-2.9,0.9,1.3,-4.9,1.4,-3.6,1.8,2.5,8.1,0.1,-10.8,0.1,0,0.1,9.5,-3.6,3.7,0.5,-0.7,4.1,0.2,-4.2,1.4,1
E07000222,1,-0.5,0.2,0.2,-0.3,0.3,0.1,0.4,-1.2,1.2,0.4,0.6,2.1,0.2,-3.8,-3.3,12.9,0.5,0.1,1.2,-2.6,1.4,1.2,-3.8,1,-4.6,0.9,5.2,9.3,0.1,-13,0.5,0,0.4,11.2,-6,7.5,-0.7,0.3,-2.4,1.7,-2,2.6,1
E07000223,2,0,0.4,0.7,-0.5,-0.3,0.8,0.4,0.2,1.7,0.1,1.3,0.7,0.3,-1.6,-3,12.6,-0.4,0.4,1,-2.7,2,1.2,-3.2,0.6,-5,1.7,5,2.6,0.1,-14.7,0,0.1,0.3,14.5,-4.6,5.6,-0.7,2.2,2.5,-1.9,-6.3,4.4,1
E07000224,2,-0.2,0.4,0.4,-0.2,-0.7,0.9,0.4,0.6,0.8,0.3,1.1,0.8,0.1,-1.4,-3.7,13.2,0.2,-0.1,0.9,-3.5,1.5,1,-2.3,0.2,-4,1.9,4,6.2,0.1,-11.3,0.1,0,0.2,10.6,-5,5.8,-0.2,0.3,9.5,-2.3,-7.7,3.2,1
E07000225,2,0.2,0.2,0.5,-0.9,0.5,0.4,0.1,0.1,1.6,0.7,0.9,0.8,0.3,-1.4,-2.9,12.2,0.7,-0.1,1.2,-3,1.2,0.7,-2.8,1.9,-3.5,1.7,2.9,6.9,0.1,-11.2,0.2,0,0.1,10.3,-3.1,3.8,0.2,-0.6,-1.1,2.2,-3.2,2.7,1
E07000226,0,-0.3,0.4,0.3,1.2,-1.5,0.4,1.5,-1.3,1.4,0.5,2.2,4.3,2.1,-8.6,-2.7,12.3,0.1,0,0.9,-3.2,0.8,1.4,-2.7,1.6,-4.7,0.9,5,6.9,0.2,-13.1,1.2,0,2.8,9.3,-8.6,8.4,0.6,6,-10.6,3.6,-1.5,2.4,1
E07000227,4,0.2,0.2,0.5,-1.1,0.7,0.4,0.2,-1.9,1.6,0.4,1.1,1.2,0.2,-1.8,-2.2,11.2,0.8,0.1,1,-2.9,0.9,0.7,-3.7,1.5,-3.3,1.4,2.5,7.6,0.1,-12.9,0.1,0,0.1,11.5,-4.1,4.3,0.4,-0.7,2.4,-0.8,-5.6,5.5,1
E07000228,2,-0.2,0.3,0.4,-0.4,-0.5,0.9,0.4,-0.6,1.9,0,0.9,1.5,0.3,-2.2,-2.4,11.4,-0.2,0.1,0.6,-2.5,1.4,0.9,-3.4,0.6,-3.7,1.4,3.2,9.8,0.2,-13.1,0.3,0,0.2,11.3,-5.3,5.1,0.5,-0.6,-3.2,-0.4,-5.3,9.9,1
E07000229,1,-0.1,0.4,0.3,1.2,-2.1,0.9,2.2,0.4,1.3,0.6,1.4,2,0.5,-3.4,-4,14.1,-0.1,0.3,1.1,-3.1,1.4,1.5,-1.3,-0.5,-3.6,2,4.4,7.3,0.2,-14,0.3,0,0.5,13.2,-7.4,7.3,0.3,-0.7,-0.3,1.6,-3.3,3.4,1
E07000234,3,-0.4,0.3,0.5,-1.2,1.4,-0.2,0.3,-1,1.3,0.3,0.9,1.1,0.1,-2.1,-2.9,11.4,0,0,1,-3.4,1.3,1.4,-5.1,1.9,-4.6,1.5,3.6,6.6,0.1,-11.2,0.1,0,0.3,10.2,-3.5,4.5,-0.6,-1.8,8.3,-2.5,-7.1,3.8,1
E07000235,3,0.2,0.3,0.6,-1.6,1.6,0,0,-2,1.4,0.2,1.2,0.6,0.1,-1,-3.1,11.5,0.1,0,1,-3.1,1.1,1.2,-4.2,1.9,-3.3,1.5,2.6,3.4,0,-10.8,0.1,0,0.1,10.4,-3.1,3,0.5,-0.1,7.1,-1,-6.3,1.4,1
E07000236,2,-0.3,0.3,0.6,-1.8,2.3,-0.4,1,-2.9,1.2,0.6,1,1.9,0.2,-2.8,-2.5,11.5,0.3,-0.1,1.2,-3.3,1.2,1.8,-5.5,1,-4.8,1.2,4.3,6.9,0.1,-11.6,0,0,1,11.3,-5,7.4,-1.4,-1,5,-0.6,-4.6,1.4,1
E07000237,1,0,0.2,0.3,-1,0.9,0.1,1.6,-2.8,1.3,1.5,1.4,2.1,0.2,-3.1,-3,12.4,0.2,0,1.5,-3.6,1,1.8,-5.1,2.2,-6.3,1,6.5,5.8,0.1,-13,0.1,0,1.1,12.1,-8.5,9,0.1,-0.4,0.6,2.1,-2.8,0.7,1
E07000238,4,0.2,0.3,0.5,-1.8,1.3,0.4,0.1,-1.3,1.1,0.3,0.9,0.6,0,-1,-2.7,11.5,0.4,-0.3,0.8,-4.2,0.7,1.3,-4.3,0.7,-3.3,1.4,2.1,3.5,0.1,-9.7,0.1,0,0.1,8.8,-3.4,4.5,-0.3,-0.1,6.8,-0.4,-6.4,1.1,1
E07000239,4,-0.5,0.3,0.7,-2.4,3.5,-1.1,0,-3.1,0.9,0.2,1.2,0.5,0.1,-0.9,-2.9,11.4,-0.3,0.1,1.1,-3.2,0.8,1.5,-6.7,3.1,-4.4,1.7,3.4,1,0.1,-10.8,0,0,0.1,11.4,-5.1,6.4,-0.3,-0.8,7.2,-1.3,-6.6,2.2,1
E07000240,1,-0.4,0.2,0.2,2.8,-3.1,0.3,0.7,-1,2.3,0.3,1,2.6,0.7,-4.7,-2.7,11.5,0.8,0,0.7,-1.9,1,1,-0.5,-0.7,-1.4,0.5,1.6,9,0.2,-11.3,0.5,0.3,1.1,8.3,-4.2,5,-0.4,-1.2,-9.7,-0.9,-4.7,16.4,1
E07000241,-2,-0.9,0.3,0.3,1,-0.7,-0.3,1,-2.9,1,2.8,1.3,4.7,3.1,-9.6,-3.4,13.6,1.3,0.1,1.6,-3.5,1.5,1,-3.4,0,-6.8,0.4,8.2,13.3,0.4,-12.4,1.5,0.1,1.4,9.8,-6.2,7,0.1,1.3,-10.6,2.7,-2.1,8.4,1
E07000242,3,-0.1,0.2,0.3,0.4,-0.2,-0.2,0.2,-1,1.5,0.1,1.3,0.6,0.3,-1.6,-2.5,11.1,0.6,-0.1,0.8,-2.6,1.1,1.1,-4.3,2,-4,1.6,2.8,6.8,0.1,-11.8,0.1,0,0.2,10.8,-4.4,5,-0.1,-0.2,-5.1,-1.1,-4.9,11.9,1
E07000243,2,0.3,0.4,0.7,-0.4,-1.3,1.6,1.6,-1.1,1.5,0.8,1.9,3.3,2.2,-6.9,-2.8,11.8,-0.2,0.1,1,-3.6,1,2,-3.6,1.2,-4.9,0.8,4.9,5.3,0.3,-12.6,0.5,0,0.9,12.2,-4.4,6.7,-2.4,0.5,-2.3,1.2,-3.3,4.2,1
E07000244,4,0.1,0.4,0.7,-1.3,0.9,0.4,0.1,0.2,1.2,0.4,0.6,0.7,0.2,-1.4,-3.2,12.2,0,-0.1,1,-3.6,1.8,1.1,-3.1,0.6,-3.9,1.5,3.3,5.3,0.1,-13.1,0.2,0,0.2,13.1,-2.1,3.4,-0.7,-0.8,4.8,1.2,-4.5,1.3,1
E07000245,3,-0.1,0.3,0.5,-0.6,0.6,0,0.2,-1,0.9,0.5,0.9,1.1,0.4,-2,-2.7,11.8,0,-0.1,1,-3.1,2.2,1.7,-5.5,-0.5,-5,1.8,4,11.1,0.1,-11.6,0.2,0,0.3,12.3,-4.3,6.5,-0.8,0.2,1.6,1.8,-3.8,0.9,1
E07000246,3,0.2,0.3,0.4,-0.4,0,0.4,0.1,2,0.9,0.5,0.2,0.6,0,-1.1,-3.4,12.7,-0.2,-0.2,0.8,-2.8,1.2,0.6,-1.4,-0.5,-2.5,1,2.9,5.5,0.1,-13.1,0,0,0.1,12.3,-4,5.5,-0.4,-0.2,0.8,3,-4.1,0.9,1
E08000001,1,-0.5,0.3,0.4,-0.9,0.9,0,1.1,-1.4,1.1,0.7,1.5,4.8,1.1,-7.1,-4.4,12.2,0.1,-0.1,1.4,-2.4,1.5,1.3,-4.4,1.3,-4.6,1.1,5.2,6,0.1,-11.8,0.2,0,4.6,8.4,-5.4,7.7,-1.3,-2,4.4,-0.9,-4.7,3,1
E08000002,3,-0.5,0.3,0.3,-1.8,1.9,-0.1,0.5,-0.7,1,0.6,1.5,2.9,0.6,-4.7,-4.1,12.6,0.1,-0.2,1,-3.1,1.5,1,-4.7,2.1,-4.5,1.2,4.6,2.5,0.1,-11,0.1,0.6,2.4,8.4,-5.6,7.1,-0.9,-0.5,5.9,-2.4,-6.3,3.7,1
E08000003,-2,-0.6,0.2,0,0.4,0,-0.3,9.5,2.8,1.6,2.7,0.7,6.7,4.1,-14.4,-5.4,15.9,0.7,-0.1,2,-2.5,2.7,-1.1,-0.1,-3.9,-2.4,-1.5,7,28.1,0.2,-13.7,0.4,-0.3,6.7,9.4,-3.8,12.4,-7.6,5.5,-10.9,8.1,-0.1,-4.9,1
E08000004,1,-0.7,0.4,0.3,0,-0.6,0.6,0.5,-1.8,1,0.8,1.7,7.1,0.7,-8.6,-4.3,12.8,0.3,-0.2,1.5,-2.8,1.3,1.6,-3.9,0.4,-4.4,0.7,5.1,3.5,0.1,-13,-0.1,0,6.7,7.2,-3.1,5.9,-1.7,0.4,6.1,-1.9,-5.3,0.7,1
E08000005,2,-0.7,0.4,0.5,-1.3,1.2,0.1,0.4,-1.5,0.9,0.6,2,4.9,1,-6.9,-3.7,11.6,-0.1,-0.2,1.1,-2.8,1.4,1.5,-4.8,1.8,-5.5,0.8,6,3.1,0.1,-11.6,0.1,0,4.5,8.1,-4.2,6.7,-1.6,1.1,5.4,-2.3,-5.4,1.7,1
E08000006,-1,-0.7,0.2,0.1,-0.3,1.2,-0.9,1.8,1.9,1.2,1.7,1.4,2.1,2.2,-6,-5,13.7,0.2,0,1.5,-2.5,2.8,1,-3.9,-0.3,-5.3,0.2,7.9,8.3,0.2,-12.3,0.3,0.9,1.4,11.3,-5.6,9.9,-2.4,3,-6.1,4.5,-2.9,0.8,1
E08000007,2,-0.1,0.3,0.5,-0.8,0.2,0.6,-0.1,-0.8,1.2,0.4,1.4,2.3,0.3,-3.6,-3.5,11.9,0.1,-0.2,1.1,-3,1.2,1.9,-4,1.3,-4.4,1.3,4.2,-0.4,0.1,-12.2,0.1,-0.1,1.6,10.9,-4,4.9,-0.4,-0.9,2.8,-1.1,-4.8,4,1
E08000008,2,-0.3,0.4,0.5,-1.7,1.3,0.4,0.6,-1.2,0.9,0.5,1.7,2.4,0.5,-3.6,-4.3,12.4,0,-0.1,1,-2.7,2.2,1.1,-4.9,1.7,-5.4,1.4,5.8,3,0.1,-11.6,0.1,0,1.9,11.5,-4.6,5.9,0,2,5.3,-3.1,-6.6,2.8,1
E08000009,1,-0.3,0.3,0.3,2.1,-2.5,0.5,1.6,0.6,1.7,0.7,1.1,3.3,0.9,-6.1,-3.8,12.8,0.2,-0.1,1.2,-2.8,1.8,1.4,-1.3,-1.8,-2.2,0.7,3,7.8,0.2,-12.4,0.4,0,2.4,9.2,-2.6,3.8,-0.5,-0.7,-1.9,1.1,-2.1,3.6,1
E08000010,3,-0.6,0.3,0.5,-1.8,1.9,-0.1,0.9,0.3,1.2,0.7,1.6,0.5,0.4,-1.4,-4.8,12.6,0,-0.1,1.2,-2.4,2.4,1.7,-6.6,1.7,-5.7,1.8,5.3,5.5,0.1,-9.1,0,0,0.4,8.4,-4,6.3,-0.9,-1.4,8.9,-2.7,-6,1.6,1
E08000011,4,-0.1,0.3,0.5,-3.4,2.4,1.1,-0.5,5.3,1.6,1,0.7,0.5,0.1,-1.2,-4.2,10.8,-0.6,-0.2,1,-2.2,2,0.7,-3.7,2,-4.8,0.2,5.9,-3,0,-4.8,0.1,0,0.1,6.8,0.8,5.6,-4.5,1.7,-3.2,0.1,-3.4,4.8,1
E08000012,0,-0.4,0.3,0,-3.6,3.5,0.2,2.4,4.1,1.5,2.2,0.7,1.9,1.4,-5.4,-5,12.7,0.3,-0.2,1.8,-1.9,2.3,-0.8,-3.7,2.3,-5.2,-0.4,8,6.1,0.2,-8.5,0.3,-0.2,1.9,8.1,-5.4,10.4,-4.2,1.2,-2.8,4.7,-1.6,-2.5,1
E08000013,3,-0.4,0.4,0.7,-2.7,3.4,-0.7,-0.1,2.5,1,0.5,1,0.4,0,-0.8,-4.5,12,-0.3,-0.1,1,-2.2,2.5,1,-5.8,2.2,-5.1,1.5,4.6,-0.9,0.1,-8.1,0.1,0,0.2,8.4,-1.4,5.9,-3.1,-2.5,8,-2,-5.4,2.3,1
E08000014,4,0.1,0.4,0.6,-3,2.1,0.9,-0.6,2.1,1.3,0.7,0.9,0.2,0.1,-1,-4,10.8,-0.1,-0.2,1.1,-2.3,2.1,0.8,-4,1.5,-4.4,1.2,4.4,-3.2,0.1,-7.6,0,-0.1,0.1,7.7,-3.2,5.2,-1.4,-1.9,4.4,-1.3,-5.1,4.8,1
E08000015,2,-0.2,0.3,0.5,-1.9,1,0.8,0.5,1.8,1.6,0.4,0.9,0.8,0.1,-1.3,-3.9,11.3,-0.6,-0.1,1,-1.9,2.4,0.9,-4.2,1.4,-5.2,1.3,5.3,2.4,0.1,-10.2,0.1,0,0.3,10.8,-5,7.1,-1.3,-0.9,3.5,-1.6,-4.9,4.2,1
E08000016,3,-0.6,0.2,0.2,-1.7,1.9,-0.2,0.4,2.8,1.4,0.6,1.2,0.3,0.5,-1.2,-5.7,13.9,-1,0,0.9,-2.8,3.3,0.8,-5.4,1.6,-5.7,1.8,5.4,6,0.1,-12.6,0,0,0.2,13.3,0.5,5.6,-4.7,-1.8,9.5,-3.5,-5.4,1.5,1
E08000017,2,-0.6,0.2,0.3,-1.7,1.3,0.5,0.3,1.7,1.3,0.5,1.6,1.3,0.4,-2.4,-4.7,13.1,-1,-0.1,1.1,-3.4,2.8,1.1,-5.5,0.9,-6.7,1.5,6.4,5.4,0.2,-13.7,0.1,0,0.9,13,-4,8.3,-3.2,-2.6,7,-0.3,-4.9,1.1,1
E08000018,3,-0.9,0.3,0.5,-2,1.7,0.2,0.3,-0.3,1.6,0.4,1.3,1.8,0.7,-3.3,-4.5,12.7,-0.6,0,1.1,-3.1,2.6,0.9,-5.5,1.3,-5.3,1.6,4.8,3.7,0.1,-12.9,0.1,0,1.6,12.2,0,5.7,-4.8,-2.2,6.8,-1.2,-4.6,1,1
E08000019,-1,-0.8,0.1,0.1,0.5,0.2,-0.7,1.1,-1.3,1.1,2.3,0.6,3.1,1.9,-7.5,-5.1,14.9,0.4,-0.2,1.8,-3.6,1.9,1,-3.9,0.3,-5.7,0.5,7.6,7.7,0.2,-16,0.3,0,3.1,13.3,-1.5,7.1,-5.4,-3.2,0.2,3.3,-2.6,1.2,1
E08000021,-3,-0.9,0,-0.1,-0.6,0.9,-0.3,1.8,0.1,1.1,3,0.3,4.6,1.5,-7.6,-5,14.5,0.4,-0.3,2.2,-2.4,1.6,0.6,-2.5,-0.7,-5.5,-0.4,8.4,8,0.3,-14.2,0.5,-0.1,2.6,12.3,-3.6,7,-3.5,0.6,-3.5,6.1,-1.1,-3.9,1
E08000022,1,-0.2,0.2,0.2,-1,1.1,-0.1,1.1,3.1,1.3,0.6,0.8,0.8,0.2,-1.5,-4.4,13.3,-0.5,0.2,1,-2.4,2.2,1.1,-3.5,0.9,-4.7,1.2,5.4,4.8,0.1,-14.4,0.1,0,0.2,14.4,-1.2,5.6,-3.9,0.1,0.8,-1.5,-5.7,5.8,1
E08000023,3,0.1,0.3,0.5,-2.7,2.4,0.3,-0.7,3.8,1.2,0.8,0.3,0.5,0.1,-1.4,-4.3,11.9,-1,0.2,1,-2.6,1.8,1,-3.9,2.5,-5,1.3,5.3,-3.1,0.1,-11.6,-0.1,0,0.8,12.2,1.2,5.2,-6.1,-3.2,3.5,-2.2,-5.7,6.5,1
E08000024,4,-0.3,0.3,0.5,-3.3,3.1,0.2,-0.4,2.1,1.3,0.8,1,1.4,0.3,-2.2,-4.3,11.6,-0.7,0,1.1,-1.9,1.7,0.7,-4.9,2.5,-4.6,1.2,4.4,-1.9,0.1,-11.2,0.1,0,0.6,12.3,-0.2,6.8,-6.3,-2.6,3.4,0.5,-3.5,2,1
E08000025,-1,-0.5,0.3,0.2,1,-1.8,0.8,3.6,-0.4,1.5,1.4,1.4,6.6,2.9,-12.4,-4.2,13.8,0.5,-0.1,1.7,-3,1.3,1.1,-1.9,-1.3,-4,0.5,5.6,9.8,0.2,-13.1,0.1,0,7.5,6.8,-4.8,9.1,-3.3,-0.5,0.2,3,-2.7,-0.7,1
E08000026,-1,-0.6,0.4,0.4,-0.1,-0.4,0.6,1.6,-0.9,1,1.7,1.4,4.3,3.8,-10.1,-3.9,13.3,0.3,-0.1,1.7,-2.4,0.8,1.9,-3.2,-0.1,-4.4,0.6,5.8,5.4,0.1,-11.6,0.9,0,3.6,7.9,-8.2,10.5,-1.1,0.4,-2,2.3,-2.6,1.3,1
E08000027,2,-0.3,0.3,0.7,-0.3,0.9,-0.6,0.8,-1.6,1,0.5,1.4,1.9,0.5,-3.7,-3.5,12.4,-0.2,0,1.1,-3,2.4,1.4,-6,1.2,-5.3,1.6,5,2.6,0.1,-12.4,0.1,0,1.7,11.3,-2.2,5.2,-1.9,-1.3,5.1,-1.5,-5,2.7,1
E08000028,0,-0.5,0.3,0.5,2.2,-2.4,0.2,2.9,-0.2,1.5,0.9,2,5.1,2.1,-9.8,-4.2,14,-0.3,0,1.2,-3.3,2.2,1.4,-3.5,-0.8,-4.6,1.1,5.7,8.9,0.1,-13.4,0.2,0,3.6,8.3,-3,7.7,-2.6,3.9,-2,-0.7,-4.3,2.8,1
E08000029,2,0.2,0.4,0.6,-1.4,0.9,0.5,0.4,-1,1.3,0.5,1.3,3.7,0.6,-5.4,-2.8,10.8,0.2,0.1,1,-2.7,1,1.5,-5.5,2.9,-5.6,1.3,4.9,3.6,0,-12.6,0.9,0,1.7,9.3,-4.3,5.7,-1.2,-1.4,1.1,0.5,-3.9,4.1,1
E08000030,2,-0.6,0.3,0.6,-0.3,0.1,0.2,1.5,-1.6,1.3,0.8,2.4,4.6,1,-7.5,-3.7,12.6,-0.1,0,1.2,-3.4,2.4,1.3,-5.9,1.2,-5.5,1.4,5.6,6.2,0.1,-13.1,0.1,0,2.9,10,-1.9,6.8,-3.2,-0.6,5.8,-1.4,-4.6,1.3,1
E08000031,0,-0.6,0.3,0.4,0.8,-1.3,0.6,1.9,0.3,0.9,1,2.5,3.4,2.3,-9.8,-4.5,13.6,-0.3,-0.1,1.3,-3.3,1.7,2.3,-4.2,0.4,-5.2,1.1,5.8,5.5,0.1,-11,-0.2,0,1.9,8.6,-3.6,6.1,-0.9,-0.9,1,1.1,-4.1,2.8,1
E08000032,-1,-0.9,0.3,0.1,0.5,-0.4,-0.2,1.5,-0.9,1.8,0.9,1.4,7.7,0.8,-10.8,-4.3,13.2,0.1,-0.2,1.5,-3.3,1.2,0.7,-2.6,0.7,-3.1,0.8,4.1,11.7,0.1,-14.2,0,0,8.6,7.4,-6.2,8.4,-1.4,-2.4,1.9,0.6,-3.9,3.2,1
E08000033,2,-0.3,0.3,0.2,-1.3,1.5,-0.2,0.3,-1.2,1.4,0.6,1.2,2.4,0.2,-3.3,-4.3,13,0,-0.1,1.1,-2.9,1.4,1.3,-3.9,2.3,-4.8,1.2,5.2,5.9,0.1,-13.4,0.1,0,2,11.7,-4.7,7.1,-1.6,-3.3,5.4,-0.5,-4.3,2.5,1
E08000034,2,-0.4,0.3,0.2,-0.4,0.2,0.1,0.8,-1.7,1.4,0.7,1.4,4.5,0.5,-6.5,-4,12.8,-0.1,-0.1,1.5,-3.4,1.9,0.9,-3.4,0,-3.9,1.1,4.2,8.7,0.1,-13.8,0.1,0,4.4,9.9,-3.4,6.4,-1.9,-2.6,6.9,-1.4,-5.2,2,1
E08000035,-1,-0.7,0.2,0.2,-1.2,1.5,-0.3,0.6,-0.6,1.1,1.7,1.5,2.8,2,-6.8,-4.4,13.6,0.3,0.1,1.4,-2.9,1.6,1.1,-3.6,1.6,-5.4,0.4,6.7,5,0.2,-13,0.4,-0.3,2.4,11.5,-3.8,7.8,-3.2,-1.5,0.1,2.9,-2.2,-0.2,1
E08000036,3,-0.5,0.3,0.3,-2.1,1.7,0.4,0.3,1.5,1.1,0.2,1.3,1.1,0.6,-2.3,-4.6,12.2,-0.8,-0.1,1,-3.5,2.1,1.3,-4.9,1.3,-5.1,1.5,4.8,3.4,0.1,-11.9,0.1,0,0.9,12.7,-1.2,5.7,-4.2,-2,5.1,-1,-4,2,1
E08000037,1,-0.5,0.3,0.3,-1.3,1.4,-0.1,0.6,3.9,1.4,0.7,1,1,0.4,-2.1,-5.1,13.9,-0.8,0.3,0.9,-2.1,3.3,0.4,-4,-0.6,-4.9,0.8,6,4.7,0.1,-13.3,0.2,0.7,0.5,12.9,0.4,6.1,-6.2,1.3,-1.8,1.2,-3.4,2,1
E09000001,1,-0.4,0.1,-0.2,-0.7,0.7,0,0.7,2.5,1.8,0.4,-0.6,3.9,0.1,-5.9,-4,14.2,0.2,1.1,0.7,2.5,1.2,-1.7,3.7,-4.1,3.8,-1.7,-1.2,2.6,0.7,-9.6,0.5,-0.9,-0.1,9.6,-7,11.8,-5,0.8,-3.7,45.7,9,-56.4,1
E09000002,-2,-1.1,0.3,-0.2,7.6,-6.7,-0.9,6.1,-3.3,3.2,2,2.8,10.4,13,-26.9,-4.6,15.5,0.2,0,1.7,-4.3,-0.4,3.9,-2.8,-3.2,-3.5,1.1,5.2,13.4,0.2,-13,1.3,-0.1,9.4,3.6,-9.2,12,-3.2,3.7,-20.2,-2.4,-5.4,25.1,1
E09000003,0,-0.5,0.3,0.3,2.6,-3.5,0.9,4.8,-1.5,3.4,0.7,1,4.1,1.7,-9.9,-2.7,12,1,-0.2,1.2,-2.4,0.5,1.9,-0.1,-3.4,-0.9,1.2,1.4,13.3,0.2,-6.1,-0.5,0.3,4.2,3.3,-8.4,9.3,-0.6,1.1,-15.4,-2,-7.1,22.6,1
E09000004,2,-0.6,0.3,0.6,1.9,-3.1,1.2,2.3,-1.7,1.4,0.9,1.5,2.5,5.6,-9.5,-2.7,12.3,0.2,0.2,1.1,-3.3,0.9,3.1,-3.8,-1,-5.1,1.1,5.2,6.3,0.2,-10.8,0.6,0,1,9.4,-5.9,5,0.9,0,-12.6,-3,-7.5,23.1,1
E09000005,-1,-0.6,0.3,0.2,1.4,-2.1,0.7,11,-1,3.8,1.1,0.8,5.3,-1,-9,-3.3,12.8,1,0,1.6,-2.4,-0.4,1.2,-1.3,-1.2,1,1,-0.6,18.1,0.4,-6.2,0.7,-1.1,6.4,0.7,-12.2,12.2,0.6,8,-21.6,-0.6,-8,20.7,1
E09000006,2,-0.3,0.3,0.4,1.2,-1.8,0.6,0.9,-0.4,1.9,0.2,1.2,2,3.1,-7.3,-2.9,11.8,0.3,0.1,0.6,-2.5,0.7,1.8,-2,0.4,-3.2,1.1,3.5,4.7,0.2,-11.4,0.5,-0.1,0.9,9.6,-4.6,4.8,0.1,-3.6,-14.8,-2.5,-6.5,26.7,1
E09000007,1,-0.3,0.2,0.2,0.5,-1.3,0.8,10.2,1.3,1.9,0.6,-0.5,4,-0.1,-6.9,-3.5,12.7,1.3,0,1,-0.5,1.1,0.3,2.3,-5.6,1.3,-0.8,0.5,11.3,0,-13.1,-0.1,-1.2,0.5,3.5,-2.5,7.1,-4.1,5.6,-5,9.6,3.9,-18.2,1
E09000008,0,-0.3,0.4,0.3,2.9,-4.4,1.5,3.8,-2.3,1.7,1.1,1.7,4.4,6.8,-15.1,-3,12.7,0.3,0.1,1.3,-3.1,0.6,3.5,-2.4,-3.5,-3.2,0.6,4.1,9.9,0.2,-8.7,0.9,-0.1,2.8,5.3,-9.4,8.1,1.2,1,-8.8,-2.1,-6,16.1,1
E09000009,0,-0.5,0.3,0.1,2.9,-3.9,1,6.8,-3.4,4.2,1,1.3,4,2.1,-9.7,-3.3,12.6,1,-0.6,1.3,-2.3,-0.9,1.7,-0.2,-2.1,0.7,0.8,0,12.5,0.3,-7,0.8,-0.2,5.4,1.6,-11.1,11.2,-0.5,3.1,-16.7,-0.9,-6.6,20.1,1
E09000010,-1,-0.6,0.3,0.2,4.1,-5.3,1.2,4.8,-2.4,2.3,0.9,1.8,2.7,6.7,-16.1,-3,12.3,0.6,0,1.8,-3.4,0.1,5.4,-3,-3.6,-3.7,1.9,3.7,14.2,0.1,-9.6,0.2,-0.5,7.1,3.2,-12.2,12.2,0.2,2.6,-14.8,-2,-6.8,21.2,1
E09000011,-1,-0.5,0.3,0.1,3.5,-3.7,0.3,8.5,-0.2,2.7,1.8,0.7,3.8,8,-14.7,-4,14.7,0.5,0.1,1.4,-1.8,1.5,0.3,0.7,-4.6,-0.7,-0.6,4,18.7,0.7,-8.6,1.6,0,2.5,6.3,-5.4,9.8,-4.9,1.2,-22.5,-3.1,-6.2,29.7,1
E09000012,-1,-0.3,0.1,-0.1,-1.3,0.9,0.5,22.8,4.9,4.2,0.4,0.1,0.7,-1.6,-4.7,-4.4,14.5,0.6,0.5,1.2,-0.3,1.4,1.2,-0.5,-5.4,-3.7,-1,7.1,21.4,0.1,-7.9,-0.2,1,0.3,9.2,-7.8,13.7,-6.3,14.2,-19.3,2.8,-3.9,-4.3,1
E09000013,0,-0.7,0.2,0.2,1.3,-1.7,0.4,10.5,1.5,2,1.2,-0.1,3.9,0.7,-9.8,-3.4,12.7,1.1,-0.5,1.1,-1.6,0.1,1.1,2.5,-2.9,1.1,-0.3,1.2,10.4,0.4,-9.5,0.1,-0.2,3.2,6.2,-9.6,10.8,-1.2,4.7,-17.1,2.8,-1.3,7,1
E09000014,0,-0.3,0.2,0.2,2.2,-2.8,0.6,13,0.6,4.9,0.4,0.3,1.6,-1.3,-5.1,-3.3,13,0.8,-0.3,1.3,-1.4,1.2,1.4,-0.1,-4,-0.7,1.2,0.9,17.7,0.1,-5.1,-0.3,0.4,2.9,5.2,-6.4,10.5,-3.2,2.6,-25.9,-2.3,-7.8,29.7,1
E09000015,0,-0.4,0.5,0.3,3,-4.8,1.8,6.4,-2.8,2.8,0.6,1.4,11.7,2.1,-16.5,-2.6,11.5,0.6,0,1.1,-2.4,-0.7,1.5,0.4,-3.6,0.1,0.4,1.1,15.6,0.5,-10,5.7,-1.9,5.3,0.5,-9.2,10.2,-0.4,0.2,-10.6,-2,-9,22.1,1
E09000016,1,-0.5,0.3,0.4,0.5,-1.1,0.6,1.1,-0.8,1.8,0.6,1.9,2.7,3.4,-7.5,-3.1,11.9,0,0.1,1,-3.4,1.5,2.6,-5,1.1,-6.2,1.4,5.9,5.8,0.1,-10.5,0.5,0,1.2,9.4,-5.1,5.2,0.1,-3.1,-9.3,-2.1,-6.3,20.8,1
E09000017,0,-0.6,0.3,0.2,3.9,-5.4,1.5,2.7,-3.7,1.5,1.6,1.6,10.9,4,-18.5,-2.9,12.7,0.6,-0.1,1.7,-3.1,0,2.5,-1.2,-3.4,-3,0.4,4.3,12.7,0.5,-14.9,3.4,-0.2,6,3.6,-8.2,8.5,0.2,3.7,-15.7,2.3,-1.6,11.6,1
E09000018,0,-0.6,0.3,0.2,2.7,-4,1.3,7.4,-2.8,3.1,1.3,1.4,8.8,2.3,-13.5,-3.4,13.2,0.7,-0.5,1.5,-2.6,-0.2,1.7,0.1,-2.8,0.5,0.1,0.8,19.6,0.7,-10.1,2.8,-0.1,4.9,2.4,-9.7,9.7,-0.3,7.6,-17.1,-0.2,-3.6,13,1
E09000019,-1,-0.4,0.3,0.3,-1.3,1,0.3,20.4,3.5,2,0.8,-0.4,2.1,0.9,-7.2,-4.4,14.4,0.4,1,0.9,0.2,2.1,0.4,0.4,-5.4,-2,-1.7,5.5,17.3,0,-14,0,-0.1,1.4,6.3,-3.4,10.3,-6.7,10.7,-11.1,8.3,0.7,-14.9,1
E09000020,1,-0.7,0.3,0.3,0.3,-1.1,0.8,-0.2,1.9,1.8,0.4,-0.4,3.5,-0.5,-8,-3,11.1,0.8,0.5,0.7,1.3,-0.3,1,3.8,-2.1,3.4,-0.9,-1.1,-0.2,0.4,-7.8,-0.1,-0.1,1.6,5.3,-7.7,9.2,-1.2,1.7,-5.9,2.6,0.7,-3.1,1
E09000021,0,-0.6,0.3,0.3,2.5,-3.6,1.1,3.4,-2.7,2,1.2,0.8,7.2,0.9,-10,-2.7,12.3,0.8,-0.1,1.2,-2.2,0.5,0.9,1.2,-3.5,-0.2,0,1.7,8.7,0.3,-11.7,1.1,-0.2,2,7.7,-7,6.8,0.7,-1.5,-12.5,-1,-3.9,18,1
E09000022,0,-0.4,0.1,0.1,0.5,-0.8,0.3,13.8,2.9,2.7,0.6,-0.1,1.1,0.2,-5.3,-3.5,13.4,0.6,0.1,0.8,-1,1.2,0.8,0,-3.6,-1.3,0.1,2.6,13.9,0.1,-5.7,-0.2,-0.1,1.7,6.3,-3.8,9.6,-5.8,7,-16.7,0.2,-4.2,8.6,1
E09000023,0,-0.2,0.3,0.1,1.4,-1.5,0.1,7.7,-0.3,2.9,1.5,0.6,4.1,3.8,-12.4,-3.3,13.9,0.9,0.3,1.5,-1.8,-0.1,1.7,-1.6,-0.7,-2.7,0.5,3.7,10.8,0.2,-8.5,0.7,-0.1,1.8,6.8,-6.9,11.4,-4,2.7,-23.2,-3.7,-8.6,31,1
E09000024,0,-0.5,0.3,0.3,3,-3.5,0.5,3.1,-1.6,3.2,0.8,0.8,5.7,2.6,-10.1,-3.2,12.9,0.7,-0.1,0.9,-2,0.5,1,1,-3.8,0.4,0.5,0.9,6.3,0.2,-7.3,1.5,-0.1,2.3,4.1,-9.2,9.4,0,2,-20.1,-2,-7.4,27.1,1
E09000025,0,-0.6,0.3,-0.2,1.7,-2.9,1.2,17.7,-0.3,4.5,4.1,0.2,10,-2,-10.5,-4.5,15.1,1,-0.3,3.6,-2.2,0.1,-0.9,0,-7.9,-0.2,-1.2,3.8,26.3,0.1,-6.9,1.8,-0.1,7.7,0.5,-9.8,16.4,-6.4,1,-24.5,-2,-8.1,34.1,1
E09000026,-1,-0.7,0.4,0.1,5.3,-5.6,0.3,7.2,-2.2,2.2,1.3,1.7,16,1.3,-21,-3.5,13.3,0.4,-0.1,1.7,-2.9,-0.4,1.8,-0.1,-3.6,-0.7,0.3,2.3,16.9,0.2,-13.9,3.5,-2.5,11.4,1.4,-11.4,10.1,1.3,-3.3,-13.6,-3,-8.9,29.8,1
E09000027,1,-0.4,0.2,0.2,3.1,-3.8,0.7,2.6,-0.6,2.4,0.4,0.4,2.7,0.6,-5,-2.7,11.5,0.9,-0.4,0.9,-1.7,1.3,0.9,2.1,-2.9,1,0.1,0.3,8.5,0.2,-10.6,0.2,-0.2,1,8.9,-5.3,5.1,0.9,-2.1,-12.2,-2,-5.5,19.7,1
E09000028,0,-0.4,0.1,0,0.1,0.3,-0.5,15,3.5,2.5,1.3,-0.2,3.5,1,-8.8,-3.8,14.4,0.8,1.1,1,-0.6,1.5,0.3,-0.2,-3.9,-2.2,-0.5,4.9,17.7,0.3,-9,0.2,-0.1,1.7,8.2,-1.7,10.3,-9.1,16,-14.1,5.5,-1.5,-11.2,1
E09000029,2,-0.1,0.4,0.4,2.5,-3.9,1.4,2.4,-1.4,1.7,0.7,1.4,6.2,2.2,-10.6,-3,12.7,0.3,0,1,-3.2,0.5,1.7,0,-2.7,-1.2,0.7,2,5.8,0.3,-12,2.2,-0.1,1.8,8,-5.9,6.6,-0.7,1,-8.3,-3,-6.7,16.3,1
E09000030,0,-0.6,0.1,-0.5,-1.3,1.8,-0.5,29.3,6.2,2.3,2.1,0.2,2.7,0.8,-6.2,-4.3,15.4,1,0.7,1.6,-0.1,1,0.2,-0.3,-4.3,-4.2,-1,7.5,29.6,0.1,-11.6,0.9,-0.4,-1.9,5,-4.3,16.1,-12.1,6,-15.1,11.8,0.1,-7.2,1
E09000031,-1,-0.6,0.2,0,3.5,-4.2,0.7,10.3,-3.8,5,1.2,1.2,5.6,1.9,-12.3,-3.7,14.1,0.4,0,1.6,-2.2,0.1,0.3,-0.8,-3.4,-0.8,0.8,1.9,18.3,0.3,-8.4,0.5,-0.2,6.8,2.6,-8.5,10.4,-1.6,-0.1,-21,-4.5,-7.7,32.5,1
E09000032,1,-0.3,0.2,0.1,1.9,-1.8,-0.1,13.6,1.1,2.9,0.6,0,3.1,1,-6.5,-3.4,12.8,0.7,0.2,0.8,-1.1,1.8,0.2,2.6,-4.3,1.1,0,0.7,17.9,0.1,-8.9,-0.2,-0.1,2.9,7,-6.1,8.4,-2.4,1.8,-23.1,-2.9,-5.7,25.6,1
E09000033,0,-0.4,0.3,0.4,2.1,-2.6,0.5,17.7,0.6,1.5,0.5,0.1,3.4,0.1,-11.5,-2.8,11.8,0.6,0.5,1,1.4,0.3,1.4,2.4,-4,1.6,0.1,-0.3,21,0.1,-10.4,0,-1,6.5,4.1,-4.1,7.6,-2.9,4.9,-1.9,15,6.7,-28.8,1
W06000001,3,0.2,0.3,0.2,-3.3,3.4,-0.1,0,3.2,1.4,0.9,0,0.4,0.1,-1,-4.2,11.2,-0.3,-0.4,1.3,-2.8,2.1,-0.7,-5,3.1,-4.6,1.3,4,4.4,0.1,-14.3,0,0,0.2,12,0.7,2.6,-2.3,0.6,9.4,-2,-8.1,0.4,-2.6
W06000002,2,0.2,0.3,0.2,-2.8,3.5,-0.8,0,2.7,0.8,1.8,-0.6,1.3,0.1,-2.3,-4.2,11.8,0.5,-0.7,1.4,-2.7,2.1,-0.5,-4.9,3.1,-5.6,1.1,5.8,4.3,0.1,-15.1,0.1,0,0.8,13.1,-1,3.5,-2,0.5,3.7,1.3,-5.8,0.3,-3.3
W06000003,3,-0.1,0.2,0.5,-1.5,0.6,1,0.1,3.2,0.5,0.6,0.4,0.6,0.1,-1.3,-4.6,12.3,-0.4,-0.4,1.1,-3.2,1.8,0.9,-3.2,1.1,-4.2,1.6,4,5.1,0.1,-13.1,0.1,0,0.3,12.1,-3.2,4.2,-0.1,0.2,7.7,-0.7,-7.3,0.6,-1.8
W06000004,3,-0.2,0.5,0.7,-1,0.2,0.8,0,1.2,0.5,0.7,0.8,1.1,0.1,-1.5,-4.2,12,-0.1,-0.8,1.1,-3.7,2,1.2,-2.3,-0.9,-3.3,1.3,4.4,0.7,0.1,-13.7,0.1,0,0.2,13.4,-3.3,3.8,0.1,0.3,4.3,0.5,-5.5,0.7,-1.6
W06000005,3,-0.2,0.3,0.4,-1.6,1.8,-0.2,0.1,0.1,1.1,0.7,0.9,0.5,0,-0.7,-4.1,11.5,0.2,-0.4,1.2,-3,1.8,1.3,-5.2,0.9,-4.4,1.5,3.8,2.6,0.1,-12.8,0,0,0.2,12.5,-2.3,4.1,-1.3,1.2,2.5,0.1,-3.9,0.6,-0.9
W06000006,2,-0.9,0.2,0.4,-0.2,0.9,-0.7,0.1,2.1,0.7,0.8,0.9,1.2,0.4,-2,-5,12.7,-0.1,-0.4,1,-2.4,1.8,1.5,-4.7,0.9,-4,1.6,4.2,5,0.1,-13.8,0.2,0,0.4,12.9,-1.6,5,-3.6,0.3,4.1,-0.1,-4.6,0.6,-1.6
W06000008,2,0.3,0.3,0.3,-2.1,2.1,0,0,1.9,0.3,2.3,-0.3,0.9,0.2,-1.9,-3.8,12.3,1.1,-1,1.7,-3.5,1.2,-0.3,-3.6,2.9,-4.7,1.1,4.8,1.3,0.1,-12.8,0.2,0,0.4,11,-2.2,4.2,-1.8,0,3.2,3.6,-7.4,0.2,-4.5
W06000009,3,0,0.3,0.3,-2.7,2,0.7,0.1,4.6,0.9,0.6,0.2,0.6,0.1,-1,-4.4,12.3,0.1,-0.9,1.1,-3.1,2.1,0.8,-4.8,2.4,-5,1.6,4.4,7.3,0.1,-12.6,0.1,0,0.2,11.3,-0.4,2.4,-1.7,0,7.3,-0.1,-7.6,0.2,-2.2
W06000010,3,-0.2,0.3,0.3,-1.3,1,0.3,0.1,4.2,1,0.7,0.4,0.6,0.1,-0.9,-5.5,12.8,0,-0.4,1.1,-3.2,2.5,1,-3.3,0.2,-4.2,1.5,4.4,6.3,0.1,-12.8,0.1,0,0.2,12.4,-0.8,3.9,-2.3,-0.3,7.8,-0.1,-7.6,0.7,-6.1
W06000011,0,-0.5,0.3,0.2,-2,2.2,-0.2,0.4,1.6,0.8,1.7,0.3,2,0.7,-3.8,-5.3,13.3,0.3,-0.2,1.6,-2.9,2.1,0.7,-4.4,2.6,-6.1,1,7,7,0.1,-16,0.2,0,1.3,14.2,-5.3,6.3,-0.1,-1.7,2.2,1.8,-3.4,0.4,-1.8
W06000012,2,-0.5,0.4,0.6,-1.7,0.5,1.3,0.1,3.9,1,0.5,0.6,0.5,0.1,-0.9,-5.9,13.7,-0.6,0.1,1.2,-2.8,3.2,0.6,-3.4,0,-5.4,1.7,5.7,4,0.1,-14.4,0,0,0.2,14.8,-2.4,4.4,-1.1,-0.9,6.9,-2.2,-4.6,1.3,-2.5
W06000013,2,-0.5,0.3,0.5,-2.2,0.7,1.5,0.4,1.4,0.8,0.3,1.1,0.5,0.2,-0.9,-4.7,12.5,-0.1,0,1,-2.8,2.6,1.4,-4.6,1,-6,1.7,5.6,8.2,0.1,-15.2,0,0,0.2,15.4,-4.5,6.1,-0.5,-1.5,4.4,-0.7,-4,1.9,-0.9
W06000014,3,0.1,0.3,0.3,-3,1.9,1,0.2,0.8,1.4,0.1,1,0.8,0.2,-1.4,-4,11.8,-0.5,-0.2,1.2,-2.4,2,0.6,-5,3,-6,1.5,5.5,5.9,0.1,-14.9,0,0,0.2,14.2,-5.3,6.7,-1,-0.5,2.9,-1.6,-5.4,5.2,-0.3
W06000015,-1,-0.4,0.2,0.1,-2.9,2.9,-0.1,2.9,0.5,0.8,1.8,1.4,3.5,1.1,-6.9,-3.8,12.4,0.3,-0.2,1.5,-2.7,2.3,-0.7,-3.9,2.9,-5.9,0.3,7.3,13.3,0.2,-15.6,0.6,-0.1,3.2,13,-10.3,10.8,0.3,0,-4.1,5.2,-1.5,-1.3,0.2
W06000016,2,-0.4,0.3,0.2,-2.3,2,0.3,0.1,2.4,1.5,0.9,1.1,0.7,0.5,-1.5,-6.1,13.5,-0.2,-0.1,1.2,-2.3,1.9,1.6,-4.7,2.6,-5.4,1.4,5.5,1.1,0.1,-14.4,0.1,0,0.2,15.5,-3.9,6.3,-0.9,-1.1,5.8,-2.9,-4.9,3.2,0
W06000018,3,-0.2,0.3,0.3,-1.8,0.8,1,0.3,2.1,1.3,0.5,1.6,0.3,0.1,-0.8,-5.7,13.2,-0.5,0,1,-2.1,2.7,1.3,-4.7,0.6,-5.4,1.7,5,5.5,0.1,-15.1,0,0,0.1,16.7,-3,5.8,-2.5,-0.8,7.5,-3.9,-5.8,3.2,0.3
W06000019,3,-0.6,0.4,0.3,-2.8,1.4,1.5,0,2.1,1.3,0.7,2.2,0.3,0.1,-0.7,-5.8,13.3,-0.8,0,1.5,-0.8,3.2,0.9,-5.3,1.5,-6.5,1.5,7.1,-0.4,0,-14.3,0,0,0,16,-0.3,6,-4.8,-0.4,9.7,-4.7,-4.9,0.7,-1.2
W06000020,2,-0.4,0.3,0.6,-2,0.6,1.4,0,2.5,0.9,0.8,1.4,0.7,0.1,-1.1,-5.2,13.6,-0.4,-0.2,1.2,-2.2,2,1.5,-4.7,1.5,-5.9,1.3,6,0.1,0.1,-15.4,0.2,0,0.1,15.4,-1.4,4.9,-2.5,0.6,4.9,-2.3,-3.9,1.1,-0.9
W06000021,4,0.4,0.4,0.4,-2.1,1,1.1,0.1,0,1.6,0.4,0.7,0.5,0.1,-0.8,-3.6,11.4,-0.2,-0.3,1.3,-2.8,2.1,0.6,-4,0.7,-4,1.7,3.4,7.6,0.1,-12.2,0,0,0.1,11.8,-2.3,3.3,-0.8,-0.6,4.5,-0.5,-5.3,2,0.9
W06000022,1,-0.4,0.3,0.2,-2,1,1,0.5,0.8,1.1,1.3,1.4,2.7,1.2,-5.3,-4.6,13.2,-0.3,-0.1,1.3,-2.7,1.7,0.7,-5.1,2.4,-6,0.8,6.7,6.4,0.1,-15,0.3,0,2.2,13,-5.8,8.6,-1.7,-1.1,-0.9,1.8,-1.9,1.6,-0.3
W06000023,4,0.3,0.3,0.4,-2.3,2.3,0,0,1.8,0.6,0.6,0.4,0.5,0,-0.8,-4,12.2,0.5,-0.9,0.9,-3.6,1.9,0.9,-4,1.3,-3.8,1.7,3.1,5.2,0.2,-13,0.1,0,0.1,11.3,-0.3,2.3,-1.3,-0.1,8.1,-0.1,-8.3,0.5,-2.3
W06000024,2,-0.3,0.2,0.2,-2,-0.6,2.6,0.3,5.9,1.5,0.8,1.7,0.5,0.2,-1.4,-6.9,14.3,-0.2,-0.1,1.3,-2.4,4.1,1.2,-3.7,-1.9,-5.8,0.7,7.1,5,0.1,-13.8,0,0,0.1,14.8,-1.6,5.4,-1.7,-1.2,4.5,-0.8,-4,1.5,-1.2
